,BND
2021-06-22,99.4517557067296
2021-06-23,99.92161137270085
2021-06-24,100.61058085331102
2021-06-25,101.23763753208708
2021-06-28,101.2660857200849
2021-06-29,100.74287214996427
2021-06-30,101.50937997935227
2021-07-01,101.20537013038111
2021-07-02,101.15265092337839
2021-07-05,100.58950545050732
2021-07-06,100.28055133177394
2021-07-07,100.37889012642458
2021-07-08,100.63778638693775
2021-07-09,100.99782951672593
2021-07-12,101.02889662239198
2021-07-13,101.60507008864195
2021-07-14,101.92036231895472
2021-07-15,101.76327330998785
2021-07-16,101.87827021335194
2021-07-19,101.67055357747803
2021-07-20,101.39912728240155
2021-07-21,100.39852833799763
2021-07-22,100.99589656521901
2021-07-23,100.62474576440728
2021-07-26,100.32119123644812
2021-07-27,99.71455605125817
2021-07-28,100.36283299375552
2021-07-29,100.29089379869585
2021-07-30,100.42568463759342
2021-08-02,99.727607683155
2021-08-03,100.29846703496995
2021-08-04,100.30938348467897
2021-08-05,101.0102651982935
2021-08-06,101.39407593344436
2021-08-09,102.14251141702381
2021-08-10,102.16227191823783
2021-08-11,102.87483296116432
2021-08-12,103.17010371327962
2021-08-13,102.32174165495663
2021-08-16,102.62371479170886
2021-08-17,103.23984905935797
2021-08-18,104.2224766701132
2021-08-19,105.18286745284917
2021-08-20,104.93902475749533
2021-08-23,105.10591568508
2021-08-24,105.62175942616985
2021-08-25,105.90972234183948
2021-08-26,105.52757530815391
2021-08-27,105.59245957132532
2021-08-30,105.40997256625808
2021-08-31,105.24683392609897
2021-09-01,105.72637205277242
2021-09-02,105.87339215746188
2021-09-03,106.11946978926825
2021-09-06,106.88315714923793
2021-09-07,107.17160877111962
2021-09-08,107.71932637322796
2021-09-09,108.04746795849185
2021-09-10,108.14277842281695
2021-09-13,108.3767429290206
2021-09-14,108.67070908740948
2021-09-15,108.56905595826424
2021-09-16,108.50976708913618
2021-09-17,108.73573638448524
2021-09-20,108.79465527367749
2021-09-21,108.88450325983167
2021-09-22,109.42341339708331
2021-09-23,109.17835001468359
2021-09-24,108.39615998545611
2021-09-27,108.0283576702097
2021-09-28,107.55876548381458
2021-09-29,107.5456781036136
2021-09-30,107.33015678278662
2021-10-01,108.00968961824779
2021-10-04,108.35206730024869
2021-10-05,107.784930644969
2021-10-06,107.85144507505314
2021-10-07,107.77061996669333
2021-10-08,107.75642204939213
2021-10-11,108.05590441087382
2021-10-12,108.58887970610016
2021-10-13,109.04091115684747
2021-10-14,109.30064007928411
2021-10-15,109.86883504842588
2021-10-18,109.83848879963422
2021-10-19,109.57565147594262
2021-10-20,109.06771442474155
2021-10-21,108.75643716864818
2021-10-22,108.91819483319082
2021-10-25,108.79648830704294
2021-10-26,109.40962228535676
2021-10-27,108.97664042488124
2021-10-28,109.10536235776125
2021-10-29,108.48418308820422
2021-11-01,108.6627874285796
2021-11-02,108.67068926681121
2021-11-03,108.27690649486563
2021-11-04,108.10314931999096
2021-11-05,108.24769465407292
2021-11-08,107.52697094510533
2021-11-09,107.68456569888451
2021-11-10,107.32324215426713
2021-11-11,107.63758850755268
2021-11-12,107.84515477027286
2021-11-15,107.72670281952344
2021-11-16,108.06871387248138
2021-11-17,108.66106264550075
2021-11-18,108.82681477348868
2021-11-19,108.44219479449923
2021-11-22,107.68585490233349
2021-11-23,107.11029744165093
2021-11-24,107.38506004243166
2021-11-25,107.76902538521998
2021-11-26,107.8527423318713
2021-11-29,108.07197348066153
2021-11-30,108.10188996844022
2021-12-01,107.37865831641744
2021-12-02,107.88732996777965
2021-12-03,107.7421763068849
2021-12-06,108.65897315454849
2021-12-07,109.18177149588153
2021-12-08,109.60000500986024
2021-12-09,109.4142461436153
2021-12-10,110.05027443667848
2021-12-13,110.21153872412657
2021-12-14,110.36578257624402
2021-12-15,110.59739683937413
2021-12-16,109.7824988015504
2021-12-17,109.94503147152848
2021-12-20,110.6457251297334
2021-12-21,110.53151343853796
2021-12-22,110.39097542392295
2021-12-23,111.0311815895437
2021-12-24,110.84083084325161
2021-12-27,110.58566859067236
2021-12-28,110.42519130329403
2021-12-29,109.90621511108998
2021-12-30,110.78263535146004
2021-12-31,110.56277823893869
2022-01-03,110.89542035330804
2022-01-04,110.85089881491268
2022-01-05,110.64247470819532
2022-01-06,110.44465442742091
2022-01-07,110.07892182805838
2022-01-10,109.81383238641966
2022-01-11,109.64464215352439
2022-01-12,108.97755090610164
2022-01-13,108.2977624214819
2022-01-14,108.36338250595638
2022-01-17,108.60223747019342
2022-01-18,108.87848109134796
2022-01-19,109.06618093437719
2022-01-20,108.57449464111046
2022-01-21,108.92737608973087
2022-01-24,108.966885234505
2022-01-25,109.03930934797923
2022-01-26,109.7572500589296
2022-01-27,109.9671994352419
2022-01-28,110.05621012338163
2022-01-31,109.45934929505594
2022-02-01,109.52773835090714
2022-02-02,109.8880571913795
2022-02-03,109.77452482279679
2022-02-04,109.44951991816829
2022-02-07,109.71498102567043
2022-02-08,110.33155618726774
2022-02-09,110.70144129688072
2022-02-10,110.50676073537143
2022-02-11,110.60810717466572
2022-02-14,110.29140662117034
2022-02-15,110.83898534358028
2022-02-16,110.86030314938078
2022-02-17,110.67311173188092
2022-02-18,111.25441696809774
2022-02-21,111.2809236363974
2022-02-22,111.01433030876939
2022-02-23,110.97009311834366
2022-02-24,110.3273291274174
2022-02-25,110.62800983931109
2022-02-28,110.61646511640286
2022-03-01,110.82060578430983
2022-03-02,110.19203926723158
2022-03-03,110.06140131016662
2022-03-04,110.28770896370371
2022-03-07,109.98776629131952
2022-03-08,109.54185436403976
2022-03-09,109.47344686316391
2022-03-10,109.63726115443386
2022-03-11,109.96693443433006
2022-03-14,110.4183815237516
2022-03-15,110.34749602808402
2022-03-16,110.81549446985437
2022-03-17,110.53192799263132
2022-03-18,110.77762448549893
2022-03-21,111.08820879708834
2022-03-22,110.79708720033261
2022-03-23,111.02517980787195
2022-03-24,111.59960777528073
2022-03-25,112.37930661440151
2022-03-28,112.27764021792035
2022-03-29,112.09624725964224
2022-03-30,112.30279646123181
2022-03-31,112.03959072168934
2022-04-01,112.59492875184974
2022-04-04,112.67347959506218
2022-04-05,111.33121024419097
2022-04-06,111.33083158899468
2022-04-07,110.7981230271976
2022-04-08,111.85372136341827
2022-04-11,111.54315982755153
2022-04-12,112.15515903700732
2022-04-13,112.34968065481877
2022-04-14,112.49342821420302
2022-04-15,112.32718412522722
2022-04-18,111.69996199950532
2022-04-19,111.64162811555602
2022-04-20,112.19684065750157
2022-04-21,112.30013017172105
2022-04-22,111.96725662924555
2022-04-25,112.0329503090215
2022-04-26,111.82129431279189
2022-04-27,111.98321493662932
2022-04-28,112.0146219784691
2022-04-29,111.43945672141575
2022-05-02,111.5632953504359
2022-05-03,111.34495761806747
2022-05-04,111.64982298732895
2022-05-05,111.2617591682178
2022-05-06,111.40852816058144
2022-05-09,111.56126648376785
2022-05-10,112.26072784794235
2022-05-11,112.45880726747339
2022-05-12,111.6295474297283
2022-05-13,111.08359309415994
2022-05-16,111.00579718697357
2022-05-17,111.31392129791668
2022-05-18,110.39186766650427
2022-05-19,111.01689822185861
2022-05-20,110.83710623902445
2022-05-23,110.13194613779795
2022-05-24,109.6701814602787
2022-05-25,109.88981971181357
2022-05-26,109.77395265588487
2022-05-27,109.64531013890803
2022-05-30,109.89466380904516
2022-05-31,110.05559850536247
2022-06-01,109.87981506652358
2022-06-02,109.75748925097379
2022-06-03,109.9691264519574
2022-06-06,109.83713570613816
2022-06-07,109.88966864637453
2022-06-08,110.36246477590397
2022-06-09,110.43891139054223
2022-06-10,110.03042837790606
2022-06-13,109.84946159934015
2022-06-14,109.6395178629846
2022-06-15,109.48688229361633
2022-06-16,110.07218720860992
2022-06-17,109.99585439926676
2022-06-20,109.91352718303766
2022-06-21,109.43071773630106
2022-06-22,109.71583990246727
2022-06-23,110.03889274139686
2022-06-24,110.41303088581613
2022-06-27,111.25245188894976
2022-06-28,110.84030037750135
2022-06-29,111.205348092859
2022-06-30,110.96521626615173
2022-07-01,111.36325268451188
2022-07-04,111.99200438441912
2022-07-05,111.56276132908889
2022-07-06,111.54711448665975
2022-07-07,111.62162453388493
2022-07-08,112.07514913229484
2022-07-11,111.33835649543487
2022-07-12,111.15679026549259
2022-07-13,111.52910330405041
2022-07-14,111.81743479735367
2022-07-15,111.83231420069859
2022-07-18,111.6960341854242
2022-07-19,111.63744709106689
2022-07-20,112.00554959513636
2022-07-21,112.40656971071621
2022-07-22,112.31591914222885
2022-07-25,112.46804174407848
2022-07-26,113.02065637477159
2022-07-27,113.2685426121949
2022-07-28,113.90486499242391
2022-07-29,113.17437437486969
2022-08-01,112.7256099219402
2022-08-02,112.59806425302689
2022-08-03,112.40583039110561
2022-08-04,112.66888296335264
2022-08-05,111.86318708525427
2022-08-08,112.70844577547507
2022-08-09,112.23510385624502
2022-08-10,112.35209432262127
2022-08-11,111.79520222833482
2022-08-12,112.42534872401457
2022-08-15,112.52384701087435
2022-08-16,112.79244787215453
2022-08-17,112.57517167052886
2022-08-18,113.94941254184899
2022-08-19,114.77173906527445
2022-08-22,114.82447504230629
2022-08-23,115.93484675341024
2022-08-24,116.83599189602887
2022-08-25,117.21211355577555
2022-08-26,117.76310428039312
2022-08-29,117.62641968032285
2022-08-30,118.23250542000494
2022-08-31,118.58048544263664
2022-09-01,118.53058350451933
2022-09-02,118.95960870070176
2022-09-05,119.48088336658222
2022-09-06,119.47757832866897
2022-09-07,119.51246034555254
2022-09-08,119.6815511855148
2022-09-09,119.87408394668961
2022-09-12,120.72965293089986
2022-09-13,120.37231143936931
2022-09-14,120.93386910156501
2022-09-15,120.49547929203335
2022-09-16,120.56943011065162
2022-09-19,120.9303042588154
2022-09-20,120.7890861310538
2022-09-21,120.37569545389107
2022-09-22,120.74121431743646
2022-09-23,121.437700431719
2022-09-26,121.66013319575755
2022-09-27,121.75761460467554
2022-09-28,121.32547153759701
2022-09-29,122.19041496117897
2022-09-30,122.68705430073592
2022-10-03,123.15178605465289
2022-10-04,123.36442289445716
2022-10-05,123.5452500066145
2022-10-06,124.01737769136729
2022-10-07,123.07308437218096
2022-10-10,123.67042336759711
2022-10-11,123.38235008684207
2022-10-12,122.75233446906984
2022-10-13,123.0041210843857
2022-10-14,123.23786063557367
2022-10-17,123.89540433787609
2022-10-18,124.25877280829415
2022-10-19,125.35058217871999
2022-10-20,125.53627209186425
2022-10-21,125.73365017456987
2022-10-24,125.79546221883074
2022-10-25,126.08784979484096
2022-10-26,126.75598383527984
2022-10-27,126.30176899941424
2022-10-28,126.64694805373706
2022-10-31,126.12953094273458
2022-11-01,126.30614714022532
2022-11-02,126.45502715545449
2022-11-03,126.41245924346143
2022-11-04,126.79420636880458
2022-11-07,126.13415147124573
2022-11-08,125.62618108341215
2022-11-09,125.06192374492709
2022-11-10,125.12354781595023
2022-11-11,124.85272309243807
2022-11-14,124.71064012460926
2022-11-15,124.3962064974903
2022-11-16,123.55341299628402
2022-11-17,124.41822620180115
2022-11-18,124.02671399635861
2022-11-21,123.69388709222547
2022-11-22,123.95190536101836
2022-11-23,123.25548644696289
2022-11-24,122.90627007035377
2022-11-25,122.85590579261225
2022-11-28,122.37650763805281
2022-11-29,121.86566729945496
2022-11-30,122.12716451650229
2022-12-01,121.7871539760707
2022-12-02,122.14635708776775
2022-12-05,121.93263698348863
2022-12-06,121.4306480113484
2022-12-07,121.45868360284504
2022-12-08,121.68074782336502
2022-12-09,121.77601822858561
2022-12-12,122.0778963549142
2022-12-13,122.24404875145594
2022-12-14,122.3285575659762
2022-12-15,122.1838063105346
2022-12-16,121.75881573707379
2022-12-19,122.10382406382337
2022-12-20,121.90498585588381
2022-12-21,122.6196659807846
2022-12-22,123.1652416841722
2022-12-23,122.35880827581175
2022-12-26,121.9158186385466
2022-12-27,122.00154990792196
2022-12-28,121.33156064685471
2022-12-29,121.74045569542278
2022-12-30,122.19438410953045
2023-01-02,122.65671712324719
2023-01-03,121.50990935492393
2023-01-04,121.75660526497055
2023-01-05,122.21236837467484
2023-01-06,122.3809844718264
2023-01-09,121.97087439119878
2023-01-10,121.68330080142944
2023-01-11,122.00327366278589
2023-01-12,122.41449682738941
2023-01-13,123.88141466821125
2023-01-16,124.73382058985084
2023-01-17,125.12444954772064
2023-01-18,124.89761197664365
2023-01-19,125.47005557360347
2023-01-20,125.66941749017721
2023-01-23,125.56677509037684
2023-01-24,125.43128715874188
2023-01-25,125.31550348424454
2023-01-26,125.37577934639603
2023-01-27,126.06803877873031
2023-01-30,126.82938610270465
2023-01-31,126.89964999272358
2023-02-01,126.42273817878235
2023-02-02,125.68745284381457
2023-02-03,125.88444736599274
2023-02-06,125.82582556216828
2023-02-07,125.98716650844133
2023-02-08,127.02372150878338
2023-02-09,127.21198871090994
2023-02-10,126.88861304177614
2023-02-13,127.32646716141276
2023-02-14,127.86941471722916
2023-02-15,127.85576711909013
2023-02-16,127.69633361553845
2023-02-17,128.37520876981606
2023-02-20,128.55826710767556
2023-02-21,128.1864564051702
2023-02-22,128.45352215238944
2023-02-23,128.5176882894511
2023-02-24,128.48631703233764
2023-02-27,128.72531667703805
2023-02-28,129.48758722717585
2023-03-01,129.73531616151195
2023-03-02,128.99333221853806
2023-03-03,129.47557982549125
2023-03-06,129.82530729503281
2023-03-07,129.92386984085505
2023-03-08,129.64011478356227
2023-03-09,129.50613830032339
2023-03-10,129.516806962668
2023-03-13,128.70500636624584
2023-03-14,129.67369585277862
2023-03-15,129.91111254410677
2023-03-16,129.54686477637793
2023-03-17,130.23707832865054
2023-03-20,129.87020744392854
2023-03-21,130.4195867604419
2023-03-22,130.78818608762597
2023-03-23,131.1954999899187
2023-03-24,130.901831988395
2023-03-27,130.87889985223353
2023-03-28,131.96457276319796
2023-03-29,131.88184658674857
2023-03-30,132.3996047307056
2023-03-31,132.95926611461846
2023-04-03,133.63219809711208
2023-04-04,133.9323735633337
2023-04-05,135.10512665075606
2023-04-06,134.7014937707015
2023-04-07,134.58377024114597
2023-04-10,135.29580346345665
2023-04-11,135.74804531776584
2023-04-12,135.17025743008801
2023-04-13,135.05792188125156
2023-04-14,135.99810842951746
2023-04-17,135.70161373282622
2023-04-18,135.39750652809303
2023-04-19,135.64270528512088
2023-04-20,135.71141027980224
2023-04-21,135.5936180131896
2023-04-24,135.23682852521233
2023-04-25,135.65162200161697
2023-04-26,134.9753264075946
2023-04-27,135.04160453825475
2023-04-28,135.66794349543915
2023-05-01,135.85486217914075
2023-05-02,135.1067675425972
2023-05-03,135.75258079003868
2023-05-04,135.62068319131106
2023-05-05,135.86518011789474
2023-05-08,135.2358234945797
2023-05-09,135.74080231428718
2023-05-10,136.6568194544149
2023-05-11,137.09944333405005
2023-05-12,137.6431505035258
2023-05-15,138.32014374676766
2023-05-16,138.54990665780142
2023-05-17,137.82340000269855
2023-05-18,138.69778433186644
2023-05-19,138.90574548025822
2023-05-22,138.41837545840815
2023-05-23,138.57627110296582
2023-05-24,138.5729880620846
2023-05-25,139.13853993799154
2023-05-26,138.95184584286204
2023-05-29,139.2539260620183
2023-05-30,139.1746308683785
2023-05-31,138.92819694836402
2023-06-01,139.57743679058746
2023-06-02,139.1276704990417
2023-06-05,138.84587541381944
2023-06-06,139.19423168453278
2023-06-07,139.59819298523533
2023-06-08,139.7204909310665
2023-06-09,140.05940352444424
2023-06-12,140.55610358237647
2023-06-13,140.9132442196929
2023-06-14,141.2936574214439
2023-06-15,141.39200011996002
2023-06-16,141.12017166547227
2023-06-19,141.21326003231746
2023-06-20,141.09196675914853
2023-06-21,140.67785508789936
2023-06-22,140.25813353245135
2023-06-23,139.96743938970067
2023-06-26,140.45035647633694
2023-06-27,140.87849425358993
2023-06-28,141.537231606806
2023-06-29,141.06032453070168
2023-06-30,140.84486256253246
2023-07-03,139.92801542192734
2023-07-04,139.22589237267223
2023-07-05,138.77436159561398
2023-07-06,138.27262723106776
2023-07-07,139.08583570017373
2023-07-10,138.63776200468766
2023-07-11,138.35252344977948
2023-07-12,138.2645633071113
2023-07-13,138.8757201414394
2023-07-14,138.7796158138624
2023-07-17,138.4056649838459
2023-07-18,138.63309711706205
2023-07-19,138.77561299855006
2023-07-20,139.38646056387554
2023-07-21,137.81079740913069
2023-07-24,138.12909077095122
2023-07-25,137.6493113620404
2023-07-26,136.73028738373444
2023-07-27,137.29540825599128
2023-07-28,136.56096412060091
2023-07-31,136.99681798487228
2023-08-01,137.38609436134945
2023-08-02,137.34470466325322
2023-08-03,137.14373961250615
2023-08-04,137.06284210846505
2023-08-07,137.0599380511264
2023-08-08,136.64382366922928
2023-08-09,137.29389723466383
2023-08-10,137.03481099386215
2023-08-11,137.7238345375021
2023-08-14,138.21282936141785
2023-08-15,139.2508009904912
2023-08-16,140.48053486119045
2023-08-17,140.41380858452942
2023-08-18,140.44927228752607
2023-08-21,140.06874404345177
2023-08-22,140.12810544880926
2023-08-23,139.84808044852343
2023-08-24,139.57519140780047
2023-08-25,138.41909015548853
2023-08-28,138.12476932031686
2023-08-29,137.73934366526777
2023-08-30,138.36501240901535
2023-08-31,138.72515160991236
2023-09-01,139.14983399799075
2023-09-04,139.11315703341936
2023-09-05,139.0130820335464
2023-09-06,138.9508035537951
2023-09-07,139.45981942970727
2023-09-08,139.31595122587842
2023-09-11,140.34464498675143
2023-09-12,139.873319759844
2023-09-13,139.48128240143652
2023-09-14,138.87481065623948
2023-09-15,138.36874166611068
2023-09-18,139.06033608073153
2023-09-19,138.87678294374425
2023-09-20,139.4401810758587
2023-09-21,139.27795212475914
2023-09-22,140.1739226421728
2023-09-25,140.11978405494304
2023-09-26,140.2407566631626
2023-09-27,140.255620897223
2023-09-28,139.57967058568076
2023-09-29,138.97374837804324
2023-10-02,139.52085192864703
2023-10-03,138.96613509280914
2023-10-04,138.69766184624368
2023-10-05,137.2870596365511
2023-10-06,137.85453027122
2023-10-09,137.56226740645693
2023-10-10,137.6977649964286
2023-10-11,137.9238804895056
2023-10-12,138.2109561416619
2023-10-13,138.37822054470251
2023-10-16,138.14492276185337
2023-10-17,137.94524322219618
2023-10-18,137.14567289849563
2023-10-19,137.3052613324636
2023-10-20,136.8101216236855
2023-10-23,136.47402359830767
2023-10-24,136.4867018611988
2023-10-25,135.63744810228243
2023-10-26,135.9460851637585
2023-10-27,136.68380047783987
2023-10-30,137.48755414634738
2023-10-31,137.32012667843875
2023-11-01,136.13322922397347
2023-11-02,136.39516059369498
2023-11-03,135.93596171608823
2023-11-06,135.62852958083883
2023-11-07,135.78894003117753
2023-11-08,136.35810331110767
2023-11-09,135.01448169221354
2023-11-10,135.25635534818142
2023-11-13,134.28206420064728
2023-11-14,134.44490779346253
2023-11-15,133.9442025613911
2023-11-16,134.16137316398257
2023-11-17,134.3611869637453
2023-11-20,134.8019721473939
2023-11-21,135.25332217590227
2023-11-22,134.78729458749257
2023-11-23,135.2696353354445
2023-11-24,134.98793716358472
2023-11-27,134.69129774428694
2023-11-28,134.5962633924412
2023-11-29,134.82554996875123
2023-11-30,135.2610747896961
2023-12-01,135.88470711696232
2023-12-04,135.26884692398605
2023-12-05,135.8069241960086
2023-12-06,135.68059385791392
2023-12-07,135.24282581729125
2023-12-08,135.24859082384765
2023-12-11,134.74916189432304
2023-12-12,135.38215278115248
2023-12-13,134.55348483105487
2023-12-14,134.9017314141045
2023-12-15,135.178559307082
2023-12-18,135.56012154081535
2023-12-19,135.2362943613355
2023-12-20,135.0512266157971
2023-12-21,135.65832962267277
2023-12-22,135.7363930638197
2023-12-25,135.38999486547866
2023-12-26,134.76296660017942
2023-12-27,134.3888763958068
2023-12-28,134.9799249715
2023-12-29,134.99647630569947
2024-01-01,135.1782283182754
2024-01-02,135.31559304714995
2024-01-03,134.68701589293696
2024-01-04,134.449640666314
2024-01-05,134.41718680490644
2024-01-08,134.7272574548476
2024-01-09,135.2176463673013
2024-01-10,136.00553108871634
2024-01-11,136.43862442356308
2024-01-12,136.06158899658203
2024-01-15,135.69455109958108
2024-01-16,136.31709106213577
2024-01-17,136.05757540850135
2024-01-18,135.63808140425172
2024-01-19,136.09602027467042
2024-01-22,135.58301344256063
2024-01-23,135.34679979183937
2024-01-24,136.29189945832084
2024-01-25,136.10692815501992
2024-01-26,136.43209562045212
2024-01-29,135.700008067238
2024-01-30,135.76197639996067
2024-01-31,135.51166555744638
2024-02-01,135.6183561196197
2024-02-02,135.24806368127378
2024-02-05,135.64666605367682
2024-02-06,135.74621111891415
2024-02-07,135.5944339434134
2024-02-08,135.48507989079056
2024-02-09,135.7425366526712
2024-02-12,135.22503972673704
2024-02-13,134.9587833546908
2024-02-14,134.51279311147323
2024-02-15,134.16557210575985
2024-02-16,133.51690161454258
2024-02-19,133.87091114205438
2024-02-20,134.3730114009123
2024-02-21,133.39386170969647
2024-02-22,133.6858809920927
2024-02-23,134.2395479181755
2024-02-26,135.1498729745926
2024-02-27,135.21876092476722
2024-02-28,134.31372670103818
2024-02-29,134.959503836344
2024-03-01,135.47293609231878
2024-03-04,135.65778007895625
2024-03-05,135.07612197195468
2024-03-06,135.32587909939014
2024-03-07,135.3654016946117
2024-03-08,135.24107741026873
2024-03-11,135.49408069042806
2024-03-12,135.41967839964553
2024-03-13,134.78387318102304
2024-03-14,135.08457449107271
2024-03-15,135.16992552592805
2024-03-18,135.48415706377887
2024-03-19,134.8921251055338
2024-03-20,135.01915850662178
2024-03-21,135.31947798856632
2024-03-22,135.30231592923997
2024-03-25,135.76041619376394
2024-03-26,135.23162709889493
2024-03-27,136.046270010765
2024-03-28,135.5640717932983
2024-03-29,135.13871787280237
2024-04-01,135.09804754881878
2024-04-02,135.05538941410035
2024-04-03,134.54513345650196
2024-04-04,135.23378648310472
2024-04-05,134.97826866973747
2024-04-08,135.18720464185833
2024-04-09,134.74047975590818
2024-04-10,134.43902134071456
2024-04-11,133.8824046672363
2024-04-12,134.00050172378212
2024-04-15,133.8403489139643
2024-04-16,133.928020621926
2024-04-17,133.43439188980727
2024-04-18,133.58747918494512
2024-04-19,134.4996902259336
2024-04-22,134.49223626014785
2024-04-23,135.91869773983385
2024-04-24,136.52893574677407
2024-04-25,135.86848426196408
2024-04-26,135.80491439281846
2024-04-29,136.17470316617167
2024-04-30,135.28987064651486
2024-05-01,136.39659768834318
2024-05-02,136.32242373684485
2024-05-03,135.85514855882602
2024-05-06,135.50937433353448
2024-05-07,135.64895995580585
2024-05-08,136.34846042086588
2024-05-09,136.66281731853942
2024-05-10,136.20448173959775
2024-05-13,136.7166879497055
2024-05-14,136.95079150859465
2024-05-15,137.10302081240417
2024-05-16,136.9271484343513
2024-05-17,136.48781626356052
2024-05-20,136.34150470172375
2024-05-21,136.22699875459452
2024-05-22,136.82015130907416
2024-05-23,136.45567882256506
2024-05-24,135.86330116628636
2024-05-27,134.75854664800445
2024-05-28,134.81935957495682
2024-05-29,134.14773012832308
2024-05-30,133.79189143002904
2024-05-31,134.04085110657334
2024-06-03,134.6597795577254
2024-06-04,135.0514207086912
2024-06-05,134.67132468897464
2024-06-06,134.31299062210854
2024-06-07,135.2567584456548
2024-06-10,136.11101620374092
2024-06-11,135.99592425092746
2024-06-12,135.69000875446181
2024-06-13,134.86907801891076
2024-06-14,135.2307840971376
2024-06-17,135.29988403903468
2024-06-18,135.49011813152737
2024-06-19,135.48226978806716
2024-06-20,135.46806553493832
2024-06-21,136.14890964194143
2024-06-24,135.72900817093364
2024-06-25,135.66363633023437
2024-06-26,135.35298666226294
2024-06-27,135.52668719745137
2024-06-28,136.33893171793102
2024-07-01,135.8638254987282
2024-07-02,135.6562382574042
2024-07-03,135.20988289560617
2024-07-04,135.3742350611194
2024-07-05,135.2644868715324
2024-07-08,135.40338562868527
2024-07-09,135.0721176405704
2024-07-10,135.51959311379122
2024-07-11,134.73044214469408
2024-07-12,134.66898468018763
2024-07-15,134.3068532748613
2024-07-16,134.91328235643152
2024-07-17,134.31372941541798
2024-07-18,134.5657787526115
2024-07-19,134.17757701647673
2024-07-22,134.3164807525229
2024-07-23,134.76246853390597
2024-07-24,134.75513947407902
2024-07-25,135.5270743815901
2024-07-26,135.59692219723775
2024-07-29,135.5104886268257
2024-07-30,135.45923245299616
2024-07-31,136.50273366829566
2024-08-01,136.51842987505842
2024-08-02,136.32108054967676
2024-08-05,136.27907287002506
2024-08-06,136.32798849320284
2024-08-07,137.25004619854565
2024-08-08,137.60798733424758
2024-08-09,137.0157521313483
2024-08-12,136.44433852779764
2024-08-13,135.92037057685215
2024-08-14,135.79225818015755
2024-08-15,136.00965755671598
2024-08-16,134.9664215445548
2024-08-19,135.09186718218433
2024-08-20,134.59921289264176
2024-08-21,134.56646723497698
2024-08-22,134.24936462072426
2024-08-23,134.8938386388927
2024-08-26,135.64655258987938
2024-08-27,135.59222114663223
2024-08-28,135.15509986189076
2024-08-29,135.33129213663625
2024-08-30,134.74289873639145
2024-09-02,134.24670026197393
2024-09-03,134.20393505108623
2024-09-04,133.3170584524816
2024-09-05,133.46690229573164
2024-09-06,133.21072342334926
2024-09-09,133.14251098962077
2024-09-10,133.91762066749658
2024-09-11,133.34580711934396
2024-09-12,134.3933686954378
2024-09-13,135.57762157892307
2024-09-16,137.19040104312822
2024-09-17,137.58859357511147
2024-09-18,138.19331031422263
2024-09-19,138.13487849904698
2024-09-20,138.66687833696153
2024-09-23,139.12992423145866
2024-09-24,139.2371088068057
2024-09-25,139.21685821413152
2024-09-26,139.22372520417673
2024-09-27,138.70378437283298
2024-09-30,138.5834501865035
2024-10-01,138.16543428853305
2024-10-02,138.45566981572014
2024-10-03,138.38711822442832
2024-10-04,137.9908046304564
2024-10-07,137.46812781813676
2024-10-08,136.74116481026726
2024-10-09,137.45555566202432
2024-10-10,137.1114238646824
2024-10-11,136.3960017692569
2024-10-14,137.752917461353
2024-10-15,138.45102293768164
2024-10-16,138.71912663611033
2024-10-17,138.21895326478526
2024-10-18,138.07851249685515
2024-10-21,138.25405967096154
2024-10-22,138.38484870665926
2024-10-23,138.2000037338775
2024-10-24,138.55963269211531
2024-10-25,138.4190320694963
2024-10-28,138.24052888768463
2024-10-29,138.41786636018205
2024-10-30,138.9685749106436
2024-10-31,139.72254001670572
2024-11-01,139.05745294037018
2024-11-04,138.82052859509358
2024-11-05,139.27021262992616
2024-11-06,139.34030035865874
2024-11-07,139.02196572430657
2024-11-08,139.24043516991696
2024-11-11,139.36214257142834
2024-11-12,140.27273217753248
2024-11-13,140.12724828689613
2024-11-14,140.15404024578234
2024-11-15,139.8739669135974
2024-11-18,140.53978218880698
2024-11-19,140.87520372826668
2024-11-20,140.98104777188198
2024-11-21,140.62166205062258
2024-11-22,141.19491505752904
2024-11-25,140.6666955418246
2024-11-26,140.03407090352698
2024-11-27,139.72853463521767
2024-11-28,139.49025335129065
2024-11-29,138.7241472236509
2024-12-02,138.88954886281394
2024-12-03,139.01753678876014
2024-12-04,139.0788909625891
2024-12-05,138.63075656739124
2024-12-06,138.8993394302961
2024-12-09,139.4916542953078
2024-12-10,139.9929432685014
2024-12-11,139.55126825220947
2024-12-12,140.2295673976341
2024-12-13,140.40157438883864
2024-12-16,139.88861684836573
2024-12-17,139.32879040953372
2024-12-18,139.710086323599
2024-12-19,139.98772992792777
2024-12-20,139.6362330032834
2024-12-23,139.1547889401012
2024-12-24,138.82507694607676
2024-12-25,138.9981048980957
2024-12-26,139.80848367380304
2024-12-27,139.32950639218717
2024-12-30,139.38339745594374
2024-12-31,139.04002536486567
2025-01-01,138.91483650949314
2025-01-02,139.49658962369557
2025-01-03,140.07202566082796
2025-01-06,140.43916790150809
2025-01-07,140.47593859996127
2025-01-08,140.32393254669483
2025-01-09,141.03569380212815
2025-01-10,140.3838786367288
2025-01-13,140.8262077384019
2025-01-14,140.872422505747
2025-01-15,141.17842621509078
2025-01-16,140.50142416394257
2025-01-17,140.82655751988844
2025-01-20,141.55097424007215
2025-01-21,141.46276023256394
2025-01-22,141.25103426808045
2025-01-23,141.0790878914668
2025-01-24,141.59316889573972
2025-01-27,141.671932526238
2025-01-28,141.92836154405876
2025-01-29,142.59645982132963
2025-01-30,142.68199110836156
2025-01-31,143.46831636429334
2025-02-03,143.17320442861444
2025-02-04,143.1713392184702
2025-02-05,143.51813652992504
2025-02-06,142.9867034985549
2025-02-07,142.48761541412486
2025-02-10,142.88363454225598
2025-02-11,142.760976058875
2025-02-12,142.3690253356098
2025-02-13,143.0295462540103
2025-02-14,142.8297183373269
2025-02-17,142.49232395666
2025-02-18,142.79479456455954
2025-02-19,143.17313612035554
2025-02-20,143.19258991731095
2025-02-21,143.30146767893112
2025-02-24,144.24023934354125
2025-02-25,143.62650085016315
2025-02-26,144.23285806569666
2025-02-27,144.10411714963024
2025-02-28,144.51503782612443
2025-03-03,144.3062689946129
2025-03-04,144.00903994095572
2025-03-05,144.6649251701474
2025-03-06,145.16656195588976
2025-03-07,146.41216023311696
2025-03-10,146.39098635711872
2025-03-11,147.08153780088367
2025-03-12,147.92342468729268
2025-03-13,147.91405837412552
2025-03-14,148.58083566886566
2025-03-17,147.33065550861147
2025-03-18,147.2820163696684
2025-03-19,147.36060282464157
2025-03-20,147.90243056166736
2025-03-21,147.8684004635885
2025-03-24,147.4078452828982
2025-03-25,148.06216667276666
2025-03-26,147.52455344923086
2025-03-27,147.96949674552795
2025-03-28,148.71353543200578
2025-03-31,148.36428030960386
2025-04-01,148.36834424218313
2025-04-02,147.99029080319767
2025-04-03,148.55717646471774
2025-04-04,149.36866427249728
2025-04-07,148.83860977078206
2025-04-08,148.6296445331431
2025-04-09,148.91996617754967
2025-04-10,149.6327762589857
2025-04-11,149.7125863212789
2025-04-14,149.70145606008884
2025-04-15,149.89306504938693
2025-04-16,149.4745892021882
2025-04-17,148.63261345063628
2025-04-18,147.70792331823193
2025-04-21,147.1437818566488
2025-04-22,146.97925343499367
2025-04-23,147.2173589895062
2025-04-24,147.5914249579642
2025-04-25,148.1249423677481
2025-04-28,148.9855325045037
2025-04-29,148.50012069579026
2025-04-30,148.89350794022107
2025-05-01,149.8112427392824
2025-05-02,150.11315835957652
2025-05-05,150.1918652745575
2025-05-06,150.86986817490927
2025-05-07,151.0569941243865
2025-05-08,151.22706374048101
2025-05-09,151.65560646176652
2025-05-12,151.66063431522062
2025-05-13,152.0291310544357
2025-05-14,151.6938794562463
2025-05-15,151.31009453532906
2025-05-16,150.8330325826378
2025-05-19,150.0413052333623
2025-05-20,150.44560401900858
2025-05-21,151.7990520269112
2025-05-22,151.3922404818248
2025-05-23,151.0135936787559
2025-05-26,150.88446334422338
2025-05-27,151.50168041472534
2025-05-28,151.33264286935335
2025-05-29,150.27105404740317
2025-05-30,150.06098926009037
2025-06-02,150.80749849001054
2025-06-03,150.86507102727106
2025-06-04,150.92196082072272
2025-06-05,150.36877709466177
2025-06-06,151.22098196728763
2025-06-09,150.86287063577254
2025-06-10,150.88160210078186
2025-06-11,151.18720823278073
2025-06-12,150.69071046387083
2025-06-13,150.32493592812222
2025-06-16,149.7488315490238
2025-06-17,150.33214485080956
2025-06-18,149.95759994854708
2025-06-19,149.94409260386632
2025-06-20,149.97061864200018
2025-06-23,149.65502343905183
2025-06-24,149.9328907904601
2025-06-25,150.43505044041552
2025-06-26,150.8770651003931
2025-06-27,151.23946383488692
2025-06-30,151.431411835943
2025-07-01,151.24487616812328
2025-07-02,152.40932682127755
2025-07-03,152.24293890562052
2025-07-04,153.03625965481328
2025-07-07,153.00848789521652
2025-07-08,152.6772123191088
2025-07-09,152.32985894503167
2025-07-10,152.3466420428991
2025-07-11,152.34307884582088
2025-07-14,152.10034209849363
2025-07-15,152.0292452108958
2025-07-16,152.14773702256264
2025-07-17,152.17169485592692
2025-07-18,151.23375711142023
2025-07-21,151.6864261883367
2025-07-22,151.3541578703945
2025-07-23,151.22358886505947
2025-07-24,151.76981536341373
2025-07-25,152.50432449845175
2025-07-28,152.73476561640388
2025-07-29,152.27336690371732
2025-07-30,150.81074889002554
2025-07-31,151.530426268411
2025-08-01,151.36711827891247
2025-08-04,151.25026245636164
2025-08-05,151.4254973469803
2025-08-06,151.62951969243713
2025-08-07,151.82281141448655
2025-08-08,151.49147811237958
2025-08-11,150.42676122144175
2025-08-12,150.6673962597477
2025-08-13,150.73151532718234
2025-08-14,150.47231263543617
2025-08-15,150.58505808588868
2025-08-18,150.41320762730896
2025-08-19,150.77848454706339
2025-08-20,150.57696131558126
2025-08-21,150.34893365651442
2025-08-22,150.32565683189017
2025-08-25,150.3069751218582
2025-08-26,149.36272438097592
2025-08-27,149.17412050414097
2025-08-28,149.5782345036918
2025-08-29,149.1000792344651
2025-09-01,149.98746434931684
2025-09-02,150.35519929520933
2025-09-03,151.44408943527304
2025-09-04,151.3118464716636
2025-09-05,152.18352820552508
2025-09-08,152.72297706187774
2025-09-09,154.23537255662157
2025-09-10,153.84516741904827
2025-09-11,154.90119962385427
2025-09-12,154.33365192083676
2025-09-15,153.34671385767885
2025-09-16,153.14383204457113
2025-09-17,152.13326946878703
2025-09-18,151.64482300409253
2025-09-19,151.78523467358178
2025-09-22,151.86586479484393
2025-09-23,152.5326720659731
2025-09-24,151.72524120157905
2025-09-25,151.5244120210369
2025-09-26,151.78295437027077
2025-09-29,151.9337443525166
2025-09-30,152.1406907492042
2025-10-01,151.34673832398764
2025-10-02,151.8931969581638
2025-10-03,150.64985721381794
2025-10-06,149.51419006086684
2025-10-07,149.59721897235815
2025-10-08,148.50315341395697
2025-10-09,148.5288588106464
2025-10-10,147.7585609460702
2025-10-13,147.0797759225203
2025-10-14,146.11044051173027
2025-10-15,146.20281597978283
2025-10-16,146.3405040343325
2025-10-17,146.31150983939403
2025-10-20,146.04721456356378
2025-10-21,147.00546022373896
2025-10-22,146.3701033798469
2025-10-23,146.54197384348882
2025-10-24,146.57338735334747
2025-10-27,146.55099885691277
2025-10-28,146.671378641366
2025-10-29,146.59377986110346
2025-10-30,147.24203651434857
2025-10-31,146.8015306444446
2025-11-03,147.22145869075845
2025-11-04,146.62255371491014
2025-11-05,146.97993624907946
2025-11-06,147.48481536444774
2025-11-07,147.45082081918744
2025-11-10,146.76357041384247
2025-11-11,146.78384926492055
2025-11-12,146.16958478117024
2025-11-13,147.06243203079535
2025-11-14,146.8776708301766
2025-11-17,146.18293263243888
2025-11-18,145.7690018372335
2025-11-19,145.11446352026064
2025-11-20,145.28364467541937
2025-11-21,145.60827757357043
2025-11-24,145.60188406958488
2025-11-25,145.7233886956369
2025-11-26,144.9124991750306
2025-11-27,145.3581431802219
2025-11-28,145.09189290149905
2025-12-01,145.0878158256283
2025-12-02,145.28233911657225
2025-12-03,145.32663095026348
2025-12-04,146.0250179781515
2025-12-05,145.7263081318966
2025-12-08,145.44684162579387
2025-12-09,145.33616935109913
2025-12-10,145.39961197163385
2025-12-11,144.90483724555386
2025-12-12,145.34155448795744
2025-12-15,145.74502518824144
2025-12-16,145.36627602176202
2025-12-17,145.3854595374747
2025-12-18,145.25914315073655
2025-12-19,145.8105751581817
2025-12-22,145.54363649350265
2025-12-23,144.3931304101632
2025-12-24,145.20120200372116
2025-12-25,144.8757992242428
2025-12-26,145.42039405531602
2025-12-29,145.08671706228785
2025-12-30,144.723835772817
2025-12-31,145.49730289710544
2026-01-01,144.81331713285874
2026-01-02,145.26076919336217
2026-01-05,146.0192975494265
2026-01-06,145.00857834775337
2026-01-07,145.72289043780145
2026-01-08,146.46483457027313
2026-01-09,146.1028653873909
2026-01-12,145.6076596129528
2026-01-13,145.7844200240822
2026-01-14,145.56657786862453
2026-01-15,145.81215314674625
2026-01-16,145.44523220668626
2026-01-19,145.56804917319363
2026-01-20,146.11297628710057
2026-01-21,146.47621268295092
2026-01-22,146.11669742969454
2026-01-23,146.10300474429204
2026-01-26,145.7660589834487
2026-01-27,145.91114983823994
2026-01-28,145.80087076734563
2026-01-29,144.85569004262015
2026-01-30,145.07176981543648
2026-02-02,145.1365080650243
2026-02-03,145.6094880899694
2026-02-04,145.4634850796552
2026-02-05,145.84547560473555
2026-02-06,146.214217244
2026-02-09,145.3630944899662
2026-02-10,146.34233579001796
2026-02-11,146.84886473430015
2026-02-12,147.19147597298914
2026-02-13,146.78661326711796
2026-02-16,146.65978454759295
2026-02-17,146.7177620272504
2026-02-18,146.47056266387435
2026-02-19,145.93788511102954
2026-02-20,145.91208213490188
2026-02-23,145.48313176040702
2026-02-24,145.84810211218505
2026-02-25,145.06422747284242
2026-02-26,145.19533044168247
2026-02-27,145.36213113310316
2026-03-02,145.69992298772127
2026-03-03,145.05070883558065
2026-03-04,145.1616485526561
2026-03-05,144.9684345563444
2026-03-06,145.32305273126767
2026-03-09,145.57116679621817
2026-03-10,146.54343422505926
2026-03-11,146.14381432140834
2026-03-12,146.91800824642456
2026-03-13,147.70891823316194
2026-03-16,147.59015177060994
2026-03-17,147.94527251829632
2026-03-18,148.27802988080518
2026-03-19,149.168597967652
2026-03-20,151.11242385246783
2026-03-23,150.28423215491006
2026-03-24,150.23410711023848
2026-03-25,150.7370826039939
2026-03-26,150.11191611403788
2026-03-27,149.07667576227382
2026-03-30,148.47840916217066
2026-03-31,149.2905185330315
2026-04-01,149.14867187678834
2026-04-02,148.582221644441
2026-04-03,148.3807374926393
2026-04-06,148.25140828417858
2026-04-07,148.9443788860497
2026-04-08,148.79634040429514
2026-04-09,149.14335013152032
2026-04-10,149.10010857006165
2026-04-13,148.97581578547954
2026-04-14,149.2759657231196
2026-04-15,148.74652474639674
2026-04-16,148.66852238468212
2026-04-17,149.4654761661158
2026-04-20,150.01219600031143
