,IEMG
2021-06-22,100.17471437646168
2021-06-23,100.59661419293778
2021-06-24,101.2738498403627
2021-06-25,100.6367137421873
2021-06-28,98.8607088042588
2021-06-29,97.61135443449524
2021-06-30,96.3741359213881
2021-07-01,97.77047985812615
2021-07-02,96.12317585661184
2021-07-05,96.35513049405309
2021-07-06,95.79197787836948
2021-07-07,96.62444781522804
2021-07-08,97.50754798876905
2021-07-09,96.6397976402781
2021-07-12,95.87387239379824
2021-07-13,97.7778157213448
2021-07-14,98.21940527735337
2021-07-15,98.18540220331849
2021-07-16,100.09417112523855
2021-07-19,99.56168239488301
2021-07-20,100.1391941746245
2021-07-21,101.24529549820377
2021-07-22,104.02551705232948
2021-07-23,102.9440305901889
2021-07-26,100.84898258831481
2021-07-27,102.11684864924607
2021-07-28,100.88925347274275
2021-07-29,102.05830477338141
2021-07-30,98.90779176851821
2021-08-02,100.22641749682329
2021-08-03,100.71076413606312
2021-08-04,100.5973023494957
2021-08-05,100.34828965140427
2021-08-06,101.52964197438604
2021-08-09,101.30017155939386
2021-08-10,103.52371531782991
2021-08-11,103.39497587958594
2021-08-12,103.12269630965973
2021-08-13,103.60279619716393
2021-08-16,104.00808441201643
2021-08-17,101.78992945994536
2021-08-18,100.20864528450102
2021-08-19,99.36541228852445
2021-08-20,101.72981045303801
2021-08-23,103.1854731908012
2021-08-24,103.18598785460102
2021-08-25,101.36353722461034
2021-08-26,102.31603895840865
2021-08-27,101.11652850406978
2021-08-30,101.50973023408565
2021-08-31,102.8857794198788
2021-09-01,103.67759388963687
2021-09-02,104.44453366432612
2021-09-03,102.66547588279363
2021-09-06,101.57568387265101
2021-09-07,102.58658905450571
2021-09-08,105.12621059882696
2021-09-09,104.33249187917188
2021-09-10,108.00035808636257
2021-09-13,107.02579194471096
2021-09-14,108.55370757073466
2021-09-15,106.1899904123432
2021-09-16,105.50869800043586
2021-09-17,105.01017955067213
2021-09-20,104.05284571906954
2021-09-21,104.33424147245374
2021-09-22,104.98448150552275
2021-09-23,103.58709094584361
2021-09-24,102.45514934043503
2021-09-27,101.9211335538051
2021-09-28,101.16053594862097
2021-09-29,102.10484920938467
2021-09-30,101.96815719895282
2021-10-01,101.19835024024057
2021-10-04,101.55830710668026
2021-10-05,104.14130767397461
2021-10-06,104.03496521342213
2021-10-07,104.20374079811741
2021-10-08,105.53463459374592
2021-10-11,105.10763151965097
2021-10-12,104.92952269625961
2021-10-13,105.39525430249354
2021-10-14,106.05761028055313
2021-10-15,107.81816815651788
2021-10-18,108.74744790035813
2021-10-19,111.27321863176253
2021-10-20,109.8770261714124
2021-10-21,110.25170479179411
2021-10-22,110.55151293100431
2021-10-25,111.97606832946889
2021-10-26,111.38069016581724
2021-10-27,111.46775389095495
2021-10-28,113.3826387524246
2021-10-29,112.20121725701556
2021-11-01,113.1778421170732
2021-11-02,113.63385009483846
2021-11-03,113.337323840162
2021-11-04,113.17943526119194
2021-11-05,113.50517787638763
2021-11-08,111.37204469243093
2021-11-09,110.51316765227229
2021-11-10,109.10451042244493
2021-11-11,108.05552511760787
2021-11-12,107.68240804546534
2021-11-15,108.63422214608947
2021-11-16,107.54792268215434
2021-11-17,105.83115088109966
2021-11-18,107.51928510425918
2021-11-19,108.50104086076611
2021-11-22,108.64876449023923
2021-11-23,107.06678144276975
2021-11-24,104.44944292413878
2021-11-25,106.35843372990227
2021-11-26,107.79754007946933
2021-11-29,108.15633435096326
2021-11-30,107.80871718432633
2021-12-01,106.19985881156613
2021-12-02,105.48176931037459
2021-12-03,102.99182835489201
2021-12-06,104.26029990032832
2021-12-07,106.00543385662931
2021-12-08,105.80510708232582
2021-12-09,105.79897487288163
2021-12-10,105.36423896529953
2021-12-13,104.00344218013662
2021-12-14,105.41949164393256
2021-12-15,106.10810019104302
2021-12-16,104.44897169632526
2021-12-17,106.1243880005037
2021-12-20,105.37031917407643
2021-12-21,106.5786765278892
2021-12-22,107.74672015111328
2021-12-23,106.64844856025803
2021-12-24,106.69757940001685
2021-12-27,105.74692916242488
2021-12-28,105.89827722844576
2021-12-29,106.48695883599774
2021-12-30,107.95863318868768
2021-12-31,104.2576275885025
2022-01-03,103.75542086068808
2022-01-04,103.89818597247597
2022-01-05,101.34954913277154
2022-01-06,102.8732840086287
2022-01-07,104.92610684328571
2022-01-10,104.1266633279018
2022-01-11,102.01590862520567
2022-01-12,102.85067724848547
2022-01-13,101.9384430827763
2022-01-14,101.87536194412479
2022-01-17,102.48104398880588
2022-01-18,102.93220990872625
2022-01-19,103.37807215502698
2022-01-20,103.11194306568825
2022-01-21,103.12335159003018
2022-01-24,104.59844532871602
2022-01-25,104.13545040843479
2022-01-26,104.86972397306388
2022-01-27,103.16403386423379
2022-01-28,101.72369666186671
2022-01-31,104.05017519466956
2022-02-01,101.79143996738271
2022-02-02,102.93560000353632
2022-02-03,104.14503352464024
2022-02-04,104.48150076653802
2022-02-07,104.95838693775934
2022-02-08,104.29124459468682
2022-02-09,104.66244613106066
2022-02-10,106.24289800381752
2022-02-11,107.91894089939052
2022-02-14,109.33785392172173
2022-02-15,108.95079706484385
2022-02-16,105.35847635548663
2022-02-17,104.18893048052541
2022-02-18,105.78938686599126
2022-02-21,108.56420440320325
2022-02-22,107.35161822816073
2022-02-23,103.86311560521064
2022-02-24,104.19286432655134
2022-02-25,104.73798558707219
2022-02-28,104.25467867743534
2022-03-01,105.1835265767283
2022-03-02,104.07525442069515
2022-03-03,105.3548319485599
2022-03-04,104.3188055007443
2022-03-07,103.38160605429465
2022-03-08,101.98813425096193
2022-03-09,101.08343052408625
2022-03-10,99.83328098772559
2022-03-11,99.78662501612726
2022-03-14,101.18315430726584
2022-03-15,98.97167909956327
2022-03-16,99.66999091521691
2022-03-17,99.94076248890225
2022-03-18,99.59149911619247
2022-03-21,98.46770385843608
2022-03-22,97.5915684676791
2022-03-23,98.81683909627584
2022-03-24,100.22147613658345
2022-03-25,98.89567761947269
2022-03-28,99.98783277374076
2022-03-29,98.87820487685566
2022-03-30,98.39327461998623
2022-03-31,98.65037575203124
2022-04-01,98.1807891742945
2022-04-04,100.89740760195171
2022-04-05,101.03199151119375
2022-04-06,100.85315242137737
2022-04-07,100.6372792070754
2022-04-08,101.11625149483618
2022-04-11,99.19976668170227
2022-04-12,98.39065853165269
2022-04-13,99.83887331835096
2022-04-14,99.3567922903142
2022-04-15,99.77765776457431
2022-04-18,102.98307342285497
2022-04-19,104.50813890031256
2022-04-20,104.64123127393054
2022-04-21,104.26676423872203
2022-04-22,105.54941869229451
2022-04-25,106.96290455024928
2022-04-26,106.7066276039809
2022-04-27,109.2526264887505
2022-04-28,109.79840973909256
2022-04-29,110.00394887520142
2022-05-02,110.01723272286405
2022-05-03,109.4217584286846
2022-05-04,108.84849357291957
2022-05-05,109.83454255219524
2022-05-06,110.42673689877245
2022-05-09,112.4933489517965
2022-05-10,113.14970113486255
2022-05-11,110.06704001144007
2022-05-12,109.80421381765824
2022-05-13,110.01400397882509
2022-05-16,106.23651647363208
2022-05-17,107.91576283339231
2022-05-18,106.06882488809484
2022-05-19,105.26951036028254
2022-05-20,106.07676525206631
2022-05-23,103.79210591453152
2022-05-24,104.04151335711029
2022-05-25,104.69451511775914
2022-05-26,104.15989464837902
2022-05-27,105.2341867977614
2022-05-30,106.55050502731834
2022-05-31,105.09522294052441
2022-06-01,106.24798919486109
2022-06-02,107.71264365228352
2022-06-03,108.42131044912269
2022-06-06,107.37509486917772
2022-06-07,107.61670246527957
2022-06-08,106.89239362086995
2022-06-09,107.86811609705342
2022-06-10,107.35366390518008
2022-06-13,107.50463300297632
2022-06-14,107.02381419281576
2022-06-15,108.08063815028972
2022-06-16,107.27452349389641
2022-06-17,107.97533771901504
2022-06-20,106.13737614868275
2022-06-21,106.73293016355383
2022-06-22,105.59624782477049
2022-06-23,108.57999099936917
2022-06-24,107.13835675887455
2022-06-27,108.90968017274956
2022-06-28,106.86160965395277
2022-06-29,105.5308670413076
2022-06-30,106.44369806853899
2022-07-01,108.43230380711128
2022-07-04,107.32756517608763
2022-07-05,107.27240054405588
2022-07-06,108.45428420512707
2022-07-07,110.22295889784577
2022-07-08,107.91726599139773
2022-07-11,108.17563158139876
2022-07-12,108.9534610617121
2022-07-13,108.37352151833413
2022-07-14,108.62544692438425
2022-07-15,107.46240360704546
2022-07-18,107.11795972779153
2022-07-19,107.27989444415313
2022-07-20,108.180165461977
2022-07-21,109.04034048181796
2022-07-22,108.45965288144501
2022-07-25,108.60909205427124
2022-07-26,110.30777943692067
2022-07-27,111.07484462131913
2022-07-28,111.82947580129701
2022-07-29,109.69010521639024
2022-08-01,110.42886839638093
2022-08-02,113.94470457945027
2022-08-03,114.40572696121087
2022-08-04,114.78592687264228
2022-08-05,116.02493872599504
2022-08-08,114.35665349609995
2022-08-09,113.88320618110015
2022-08-10,113.3849424864859
2022-08-11,114.87431556427934
2022-08-12,113.40330654277457
2022-08-15,111.26193519334248
2022-08-16,111.69217221015847
2022-08-17,112.07022211408632
2022-08-18,109.65850945996603
2022-08-19,108.73728824507636
2022-08-22,108.43069340850795
2022-08-23,107.73475968203223
2022-08-24,107.79944075632866
2022-08-25,107.65580507183832
2022-08-26,106.19576510643671
2022-08-29,106.9513013542914
2022-08-30,105.52721008327272
2022-08-31,104.28300646966188
2022-09-01,104.31126503191706
2022-09-02,103.82651343076215
2022-09-05,102.2023597405139
2022-09-06,103.3003371510532
2022-09-07,104.34091305074922
2022-09-08,103.58647818243516
2022-09-09,102.0893108392469
2022-09-12,101.38851677587013
2022-09-13,101.50002247210801
2022-09-14,100.10029328977093
2022-09-15,98.98078523135004
2022-09-16,100.09035479257207
2022-09-19,101.6338899251428
2022-09-20,101.51026481935206
2022-09-21,100.36933773559964
2022-09-22,99.74244268301248
2022-09-23,98.5660104908007
2022-09-26,98.08866173423732
2022-09-27,98.96745289646057
2022-09-28,100.17776679583794
2022-09-29,99.31093944073196
2022-09-30,101.47432149127498
2022-10-03,101.70342263260422
2022-10-04,100.28974512129847
2022-10-05,101.44094072321599
2022-10-06,101.6112676415428
2022-10-07,101.8580303484106
2022-10-10,102.01752879631087
2022-10-11,101.53594459239402
2022-10-12,101.95298976031526
2022-10-13,100.35493403888833
2022-10-14,100.53204809978664
2022-10-17,101.17017359810015
2022-10-18,99.79421460907193
2022-10-19,99.53306984164679
2022-10-20,98.94729039356461
2022-10-21,100.55134630575431
2022-10-24,100.73206024169781
2022-10-25,101.79748154449746
2022-10-26,103.57701544466347
2022-10-27,103.07273612907322
2022-10-28,102.14625916765536
2022-10-31,99.6753586638875
2022-11-01,97.87920076574888
2022-11-02,98.46514627148728
2022-11-03,99.60283695117937
2022-11-04,99.16925881741595
2022-11-07,98.57199954193787
2022-11-08,97.9850613197459
2022-11-09,99.74434264539377
2022-11-10,99.64225757800158
2022-11-11,101.900872971563
2022-11-14,102.69524943435695
2022-11-15,101.15268000625146
2022-11-16,100.08443108091657
2022-11-17,99.76797854339374
2022-11-18,100.05073817089168
2022-11-21,101.0801475576373
2022-11-22,100.51477428053053
2022-11-23,101.99991470657692
2022-11-24,101.79256475655238
2022-11-25,100.79302580471092
2022-11-28,100.66302743154078
2022-11-29,99.64596744697907
2022-11-30,98.21865774175662
2022-12-01,98.0607186511134
2022-12-02,99.16815029351643
2022-12-05,98.88139961703256
2022-12-06,97.30438448183149
2022-12-07,96.66302870862597
2022-12-08,97.17141578934078
2022-12-09,97.16669172531971
2022-12-12,95.2591989403519
2022-12-13,96.80709214799933
2022-12-14,96.83224759665214
2022-12-15,95.6574475441556
2022-12-16,94.49800758701068
2022-12-19,95.16624951172574
2022-12-20,94.04083289122141
2022-12-21,93.14877572759434
2022-12-22,92.13690464036937
2022-12-23,94.6471731706451
2022-12-26,96.0826704106238
2022-12-27,96.06355632032869
2022-12-28,95.77847544431394
2022-12-29,93.26015485184773
2022-12-30,93.74488816853824
2023-01-02,94.49287100609673
2023-01-03,95.2358980306754
2023-01-04,97.56485943156686
2023-01-05,98.01518309707552
2023-01-06,97.2315704033206
2023-01-09,96.00920817010473
2023-01-10,98.46541064770604
2023-01-11,98.3635733935101
2023-01-12,97.7093599258177
2023-01-13,98.80750267863131
2023-01-16,99.18460731809806
2023-01-17,97.01559302155773
2023-01-18,97.75173993392127
2023-01-19,98.48326542387599
2023-01-20,99.70933702877063
2023-01-23,99.05688138505501
2023-01-24,100.61911797611616
2023-01-25,100.75845692473895
2023-01-26,102.78975356000181
2023-01-27,102.36857326401095
2023-01-30,105.08330697414945
2023-01-31,107.12664786117989
2023-02-01,107.09941977609473
2023-02-02,108.37622360304977
2023-02-03,108.44915118013378
2023-02-06,109.57846350817067
2023-02-07,106.71548467977804
2023-02-08,107.48862516126994
2023-02-09,107.03798632894505
2023-02-10,107.31917677736706
2023-02-13,105.93205763577696
2023-02-14,105.40512358012121
2023-02-15,103.36077669715382
2023-02-16,102.99762198890996
2023-02-17,105.14291989210898
2023-02-20,102.81747111490762
2023-02-21,102.15150616741784
2023-02-22,101.44809459987403
2023-02-23,100.83180824216798
2023-02-24,102.08413980086463
2023-02-27,101.16889090365639
2023-02-28,98.91816645489727
2023-03-01,101.14051645202497
2023-03-02,102.69544083489673
2023-03-03,100.50035509858776
2023-03-06,100.24890629698673
2023-03-07,99.7022589108478
2023-03-08,100.55375967263569
2023-03-09,100.13582867665636
2023-03-10,101.30936419103651
2023-03-13,103.03617298890502
2023-03-14,103.255042899556
2023-03-15,101.68556996503584
2023-03-16,102.57107681696395
2023-03-17,102.30588917606644
2023-03-20,103.23653051596631
2023-03-21,101.4231563266357
2023-03-22,100.21416281847438
2023-03-23,100.9465282326162
2023-03-24,100.7541225269088
2023-03-27,100.36600501695456
2023-03-28,100.82172572650818
2023-03-29,101.5078984246696
2023-03-30,103.1427862447057
2023-03-31,103.10089053569061
2023-04-03,102.72879344890615
2023-04-04,103.09499477240914
2023-04-05,102.79232397231193
2023-04-06,102.4348831954674
2023-04-07,102.54148814243887
2023-04-10,101.4738391312863
2023-04-11,101.65533461547265
2023-04-12,102.27708424888749
2023-04-13,102.46918148895116
2023-04-14,102.78035378675796
2023-04-17,101.17733338776762
2023-04-18,100.69703265566928
2023-04-19,102.23792865531381
2023-04-20,102.89886688376501
2023-04-21,102.00807990109033
2023-04-24,102.73957443879571
2023-04-25,103.17543338110559
2023-04-26,101.25366339720433
2023-04-27,100.22855563457284
2023-04-28,99.86831568055794
2023-05-01,99.9839959315592
2023-05-02,99.47713534540856
2023-05-03,98.59886055157948
2023-05-04,101.04879257071649
2023-05-05,101.08686337086421
2023-05-08,100.24485628731948
2023-05-09,101.44733180682005
2023-05-10,104.53044355633662
2023-05-11,105.44086905162347
2023-05-12,105.71270258951098
2023-05-15,104.12701737744392
2023-05-16,105.81511626248341
2023-05-17,106.40821460105722
2023-05-18,106.04982902392952
2023-05-19,107.99139257450344
2023-05-22,107.63397007551099
2023-05-23,106.78205647151839
2023-05-24,104.19093504791542
2023-05-25,103.72013250123086
2023-05-26,103.54658470131213
2023-05-29,103.8941634143716
2023-05-30,102.05779712824759
2023-05-31,104.05462020939432
2023-06-01,106.58388353907662
2023-06-02,105.8506567326857
2023-06-05,106.290770245335
2023-06-06,103.76683420641089
2023-06-07,103.50341941352835
2023-06-08,104.68986773168594
2023-06-09,104.05211027518988
2023-06-12,104.58099608546962
2023-06-13,104.56624228585642
2023-06-14,103.39393876963076
2023-06-15,104.82064521560133
2023-06-16,106.59955303915494
2023-06-19,108.41938902460666
2023-06-20,110.29395134283895
2023-06-21,110.10011431561932
2023-06-22,111.3408170463867
2023-06-23,110.5584633029971
2023-06-26,110.89307162566857
2023-06-27,111.26323817103429
2023-06-28,111.05199171492774
2023-06-29,110.57247567934763
2023-06-30,111.09985518712877
2023-07-03,110.24820656489112
2023-07-04,111.58479035902155
2023-07-05,113.51205085314425
2023-07-06,113.6140294025831
2023-07-07,112.49431934183622
2023-07-10,113.3521683391627
2023-07-11,114.49013454692525
2023-07-12,114.69707109542982
2023-07-13,113.39152759007492
2023-07-14,113.18296667275168
2023-07-17,113.17873970190288
2023-07-18,114.46191830670298
2023-07-19,114.75778947211343
2023-07-20,115.90254785406995
2023-07-21,115.34079087263737
2023-07-24,113.86407839554626
2023-07-25,113.25850359256158
2023-07-26,114.88403386745108
2023-07-27,114.15022591710094
2023-07-28,115.76171999750315
2023-07-31,117.03462506345876
2023-08-01,116.83864052572844
2023-08-02,116.87351801100938
2023-08-03,116.00039960999314
2023-08-04,115.98076265794315
2023-08-07,115.9515077554934
2023-08-08,115.43980017131264
2023-08-09,116.24039754952025
2023-08-10,116.2458182359748
2023-08-11,115.24313565459975
2023-08-14,114.4410145237212
2023-08-15,115.76741024952426
2023-08-16,115.72402184086663
2023-08-17,116.52996694471811
2023-08-18,116.87575180700445
2023-08-21,114.63035474981528
2023-08-22,114.52368571950873
2023-08-23,113.68396017155038
2023-08-24,113.81631817730728
2023-08-25,113.46772677615431
2023-08-28,114.42306112691496
2023-08-29,114.74864002392562
2023-08-30,113.42877618686967
2023-08-31,112.98536246143267
2023-09-01,114.56261004442187
2023-09-04,116.55334675573863
2023-09-05,117.10203266187963
2023-09-06,117.73257715070649
2023-09-07,116.49879900346707
2023-09-08,116.8742379947481
2023-09-11,119.83167776032914
2023-09-12,120.60835319547189
2023-09-13,120.48328423564779
2023-09-14,118.70655264959062
2023-09-15,118.63566971927331
2023-09-18,117.43685911217253
2023-09-19,116.81684439736155
2023-09-20,116.16749872724145
2023-09-21,115.8950023966481
2023-09-22,114.99000046368073
2023-09-25,115.98548032641595
2023-09-26,115.59185448946663
2023-09-27,117.72105252195814
2023-09-28,118.67510946700514
2023-09-29,119.8482686822298
2023-10-02,118.82978599298923
2023-10-03,117.59688325913011
2023-10-04,118.45620511909993
2023-10-05,117.03954785161102
2023-10-06,116.8647768888766
2023-10-09,115.7754437856986
2023-10-10,114.41434737248149
2023-10-11,111.79024491435115
2023-10-12,112.10672746758246
2023-10-13,111.89997419758393
2023-10-16,115.0788393006948
2023-10-17,116.24924653049733
2023-10-18,116.04727267136394
2023-10-19,113.36997165560794
2023-10-20,114.1171949373616
2023-10-23,114.31767789381422
2023-10-24,115.43954837271262
2023-10-25,115.09358631491888
2023-10-26,113.09002547230389
2023-10-27,113.8234964414728
2023-10-30,115.04109767019422
2023-10-31,116.39665155455194
2023-11-01,116.01439697460403
2023-11-02,115.65660876331656
2023-11-03,118.17129570189945
2023-11-06,114.40197328110138
2023-11-07,113.23873832995675
2023-11-08,112.703872123628
2023-11-09,113.05080494340234
2023-11-10,113.39186285627292
2023-11-13,114.2065744341284
2023-11-14,112.86207191989257
2023-11-15,113.2722374576165
2023-11-16,115.41970691925103
2023-11-17,113.7340048841113
2023-11-20,114.61476712466987
2023-11-21,112.94734013363698
2023-11-22,111.15642271574299
2023-11-23,112.5456777445696
2023-11-24,108.81378114192302
2023-11-27,109.96927500087146
2023-11-28,111.03871109634014
2023-11-29,110.77542132954277
2023-11-30,109.22860149810019
2023-12-01,109.19474610811713
2023-12-04,109.92077684006165
2023-12-05,112.91944073177287
2023-12-06,112.79414747190553
2023-12-07,112.9876505301605
2023-12-08,108.86657196770338
2023-12-11,106.40425172919518
2023-12-12,108.53639957915841
2023-12-13,106.15337654160193
2023-12-14,106.27079242400444
2023-12-15,106.1612492799928
2023-12-18,106.2295113683225
2023-12-19,105.92420433476988
2023-12-20,107.2010561212029
2023-12-21,108.7133948030289
2023-12-22,108.59889917308716
2023-12-25,108.81006372621852
2023-12-26,110.21653281864386
2023-12-27,111.48323267303522
2023-12-28,114.18997152332138
2023-12-29,114.3228810747771
2024-01-01,115.4052712969432
2024-01-02,114.46665617587746
2024-01-03,114.9951015749242
2024-01-04,115.17976217239917
2024-01-05,115.50873642607174
2024-01-08,116.87438518023552
2024-01-09,116.72045658841866
2024-01-10,118.28963778643786
2024-01-11,119.21535293949424
2024-01-12,121.44853859878289
2024-01-15,122.44677312163104
2024-01-16,126.37230516283135
2024-01-17,124.22652677078266
2024-01-18,123.8122916143876
2024-01-19,126.36284227683736
2024-01-22,127.8829696983674
2024-01-23,127.41166492733322
2024-01-24,127.38347830126007
2024-01-25,126.11947419447169
2024-01-26,125.4801848190309
2024-01-29,129.59578215267996
2024-01-30,129.7280240831249
2024-01-31,130.20318577218293
2024-02-01,129.06117996991898
2024-02-02,129.3805197192411
2024-02-05,130.32714428365563
2024-02-06,130.33777676828174
2024-02-07,127.88303332424009
2024-02-08,128.3517818132809
2024-02-09,127.65400336754256
2024-02-12,126.23795182863566
2024-02-13,122.00247926962011
2024-02-14,119.89010024924045
2024-02-15,121.36717464544257
2024-02-16,122.2428731251284
2024-02-19,121.53698876512284
2024-02-20,121.54676174076018
2024-02-21,121.80291614167275
2024-02-22,122.05761313805587
2024-02-23,123.07222023662459
2024-02-26,122.00093943205161
2024-02-27,122.9367405449623
2024-02-28,123.73925182495252
2024-02-29,124.7126254288375
2024-03-01,125.55511944941267
2024-03-04,126.41969687518935
2024-03-05,127.32115340756368
2024-03-06,125.87148101799062
2024-03-07,123.26073247527391
2024-03-08,123.53406911999383
2024-03-11,123.42518093897543
2024-03-12,123.78059889734946
2024-03-13,122.36787750798761
2024-03-14,121.60998644382377
2024-03-15,121.5456876863843
2024-03-18,121.93809083646276
2024-03-19,121.25320287098869
2024-03-20,118.48742333908513
2024-03-21,119.62121498107922
2024-03-22,120.20055089876737
2024-03-25,120.11261433014144
2024-03-26,117.71850770846477
2024-03-27,117.48223940248576
2024-03-28,119.08877899676081
2024-03-29,119.65757238723889
2024-04-01,120.28837094433023
2024-04-02,120.62881010340602
2024-04-03,119.8607256659777
2024-04-04,118.35417773376871
2024-04-05,115.86419568160062
2024-04-08,114.96438049238422
2024-04-09,115.33160806127214
2024-04-10,112.82896350029571
2024-04-11,113.15673076949162
2024-04-12,113.61266156402385
2024-04-15,114.09876642591692
2024-04-16,114.16734930690467
2024-04-17,115.33202880012749
2024-04-18,115.06333323019584
2024-04-19,117.74781303429447
2024-04-22,118.02092504021347
2024-04-23,118.39231533581834
2024-04-24,117.23055498040654
2024-04-25,117.45289526915126
2024-04-26,117.76980758191577
2024-04-29,118.78466873691922
2024-04-30,117.82304241521184
2024-05-01,116.19081768107087
2024-05-02,117.37758762705563
2024-05-03,117.29841477235381
2024-05-06,118.4102641910652
2024-05-07,117.81703812500453
2024-05-08,118.58047019460307
2024-05-09,117.68049761920989
2024-05-10,117.41350999578167
2024-05-13,116.10822732633427
2024-05-14,118.06325423175082
2024-05-15,118.92200783615274
2024-05-16,117.20706025245391
2024-05-17,114.41579893170008
2024-05-20,113.05677774187994
2024-05-21,114.4598887285076
2024-05-22,114.05286120070484
2024-05-23,115.48998537647022
2024-05-24,114.62792666684247
2024-05-27,112.2030883013295
2024-05-28,110.25778652869865
2024-05-29,109.150238453583
2024-05-30,106.36094039448629
2024-05-31,107.41735095669056
2024-06-03,108.99868718088051
2024-06-04,109.33412574362215
2024-06-05,107.75566144279698
2024-06-06,107.43602496109929
2024-06-07,107.90519134752863
2024-06-10,108.30186359110117
2024-06-11,107.79576108310083
2024-06-12,109.14841701790814
2024-06-13,111.23522131973354
2024-06-14,110.4524396066897
2024-06-17,110.31573016611189
2024-06-18,112.01107730070119
2024-06-19,110.72619256923954
2024-06-20,113.28721558221937
2024-06-21,112.9595213466337
2024-06-24,109.99864529799568
2024-06-25,108.46576234829865
2024-06-26,107.97190506327183
2024-06-27,107.20020772509613
2024-06-28,109.02605293303142
2024-07-01,107.17982958950077
2024-07-02,106.27020331509141
2024-07-03,109.90408856433893
2024-07-04,111.74911249305485
2024-07-05,110.10032741405395
2024-07-08,111.48081975573545
2024-07-09,110.76499901159605
2024-07-10,111.1692160009996
2024-07-11,113.28578387388993
2024-07-12,112.81464652798063
2024-07-15,113.37368240321182
2024-07-16,113.48411739726629
2024-07-17,114.45143590981137
2024-07-18,113.38498919869684
2024-07-19,113.2192741884141
2024-07-22,112.96756021298971
2024-07-23,111.64638098923136
2024-07-24,113.67752092820773
2024-07-25,115.09430499552815
2024-07-26,115.92152755507854
2024-07-29,117.3457371660473
2024-07-30,117.04082262893401
2024-07-31,116.79404907347075
2024-08-01,116.96317037532904
2024-08-02,117.87988166775929
2024-08-05,114.95469699362222
2024-08-06,115.07425720342108
2024-08-07,116.01947124857325
2024-08-08,117.45488551098045
2024-08-09,117.45747545702432
2024-08-12,116.67822746493451
2024-08-13,117.22809648416876
2024-08-14,115.73767685918001
2024-08-15,114.58820948390618
2024-08-16,114.51876910537173
2024-08-19,114.50536679466765
2024-08-20,114.193722828071
2024-08-21,113.28419954790378
2024-08-22,114.25647820744007
2024-08-23,114.72297148754463
2024-08-26,115.97525146795213
2024-08-27,116.7304250002858
2024-08-28,115.13894697158207
2024-08-29,117.21502979018015
2024-08-30,119.37079019390593
2024-09-02,121.84557635464297
2024-09-03,121.57866398839543
2024-09-04,124.61941762815647
2024-09-05,126.1118444864518
2024-09-06,127.22306928467337
2024-09-09,128.39369881900083
2024-09-10,128.3995150682678
2024-09-11,124.97483351389491
2024-09-12,124.44473201264232
2024-09-13,123.34843413002633
2024-09-16,123.92180376346722
2024-09-17,124.66784291729303
2024-09-18,123.79840617816093
2024-09-19,124.57650421624615
2024-09-20,124.73843534522757
2024-09-23,123.05113860342357
2024-09-24,123.62778775956241
2024-09-25,125.40763815627507
2024-09-26,124.5381470883653
2024-09-27,122.2267536980408
2024-09-30,122.6567216500101
2024-10-01,120.83719606890399
2024-10-02,120.37912035021743
2024-10-03,120.67427637327684
2024-10-04,120.52351561435546
2024-10-07,119.83859736635567
2024-10-08,117.16255876557062
2024-10-09,119.8241522516808
2024-10-10,117.04472431601016
2024-10-11,118.46828184425873
2024-10-14,119.28878330763754
2024-10-15,117.22086818869649
2024-10-16,118.35358354146841
2024-10-17,119.40898164467659
2024-10-18,121.62368862954176
2024-10-21,123.94632566593913
2024-10-22,122.9857813454719
2024-10-23,123.39928695959213
2024-10-24,123.9954571791307
2024-10-25,122.69427887469375
2024-10-28,123.15353266366114
2024-10-29,124.32466130940678
2024-10-30,123.16301064466484
2024-10-31,122.1228989073025
2024-11-01,122.802611874512
2024-11-04,123.43456519835352
2024-11-05,122.78705261306142
2024-11-06,123.0688733850424
2024-11-07,121.56576767962488
2024-11-08,119.17702190968083
2024-11-11,120.37755966866041
2024-11-12,120.53456768077635
2024-11-13,120.2418490263676
2024-11-14,120.78951626706909
2024-11-15,119.33786785117262
2024-11-18,120.75249509908126
2024-11-19,120.2688304202919
2024-11-20,118.50137976935405
2024-11-21,120.13080897568746
2024-11-22,117.32147414390917
2024-11-25,117.76227108702584
2024-11-26,117.05391221918786
2024-11-27,116.72151012280709
2024-11-28,116.1592429498529
2024-11-29,116.85281215855825
2024-12-02,114.53133806314351
2024-12-03,113.69053047004604
2024-12-04,110.38150983761537
2024-12-05,111.89230789057576
2024-12-06,112.66759728907054
2024-12-09,110.89462833989701
2024-12-10,111.85229229544412
2024-12-11,111.8781953760595
2024-12-12,112.8361698675739
2024-12-13,114.05594248207042
2024-12-16,113.28864859199952
2024-12-17,112.0600039353625
2024-12-18,113.04840962325213
2024-12-19,113.25444231546511
2024-12-20,114.5410224508127
2024-12-23,112.57277972936815
2024-12-24,114.01321039006125
2024-12-25,113.40234285175637
2024-12-26,115.32763049382619
2024-12-27,116.86568174125829
2024-12-30,116.67696376142038
2024-12-31,117.65846207703913
2025-01-01,119.57776010545803
2025-01-02,121.50474435893994
2025-01-03,121.24311181006682
2025-01-06,120.54828199236579
2025-01-07,121.06826413527354
2025-01-08,122.82983648387477
2025-01-09,121.52345149741173
2025-01-10,119.2583428651004
2025-01-13,122.06283422025253
2025-01-14,122.80790389914122
2025-01-15,123.37266645825862
2025-01-16,125.03299257166259
2025-01-17,122.57691738450356
2025-01-20,121.89768000279058
2025-01-21,121.19353921828558
2025-01-22,119.79098180469254
2025-01-23,118.73933082083732
2025-01-24,119.11363007944877
2025-01-27,119.80402512934315
2025-01-28,119.39411545007397
2025-01-29,118.8309397969745
2025-01-30,119.9869493759587
2025-01-31,118.72335793879734
2025-02-03,120.50911446855667
2025-02-04,121.19768838254672
2025-02-05,122.91447269189418
2025-02-06,121.12762905799195
2025-02-07,119.01168373705914
2025-02-10,120.684615894197
2025-02-11,119.67962591197391
2025-02-12,121.78894047746141
2025-02-13,121.17349742391701
2025-02-14,122.54389666936005
2025-02-17,123.74711845066733
2025-02-18,124.13782285177652
2025-02-19,123.91996392738065
2025-02-20,120.82948541751239
2025-02-21,120.50645607113826
2025-02-24,120.25549498862983
2025-02-25,121.7869062097591
2025-02-26,121.48536565933752
2025-02-27,119.74175519763068
2025-02-28,119.30073098923421
2025-03-03,118.74613832751146
2025-03-04,116.63915024594895
2025-03-05,116.91822656418643
2025-03-06,116.17503095509902
2025-03-07,117.66417742807778
2025-03-10,117.07584455999735
2025-03-11,118.2634416454444
2025-03-12,119.75571635321522
2025-03-13,116.19530581389319
2025-03-14,115.87641104858793
2025-03-17,117.81326647135842
2025-03-18,116.87385238235892
2025-03-19,116.96664338970837
2025-03-20,113.56885254296016
2025-03-21,114.31906408684458
2025-03-24,113.63838410373512
2025-03-25,113.61237517344269
2025-03-26,114.23980149151991
2025-03-27,116.322177910745
2025-03-28,117.75666570376822
2025-03-31,117.45601765002245
2025-04-01,117.86175089501822
2025-04-02,117.97164437161094
2025-04-03,116.88357018403075
2025-04-04,116.44176012193815
2025-04-07,116.55266001257895
2025-04-08,112.519242650548
2025-04-09,114.15246758072892
2025-04-10,112.99441358597855
2025-04-11,111.33821972268888
2025-04-14,111.8561075089273
2025-04-15,114.54634857929837
2025-04-16,113.20653200463624
2025-04-17,114.07809925290766
2025-04-18,116.65089791305839
2025-04-21,116.194265990196
2025-04-22,113.96093689816486
2025-04-23,113.10509621937047
2025-04-24,112.93308488549394
2025-04-25,113.34671016249018
2025-04-28,115.04474087206951
2025-04-29,116.16485296542916
2025-04-30,118.2768710743135
2025-05-01,120.39366110637579
2025-05-02,119.04710378453328
2025-05-05,117.44044768757678
2025-05-06,116.71606316493477
2025-05-07,116.09147464961626
2025-05-08,113.44001000480364
2025-05-09,111.85416003415114
2025-05-12,111.43965005755689
2025-05-13,112.00254099028442
2025-05-14,111.59569906429331
2025-05-15,111.44895131190677
2025-05-16,113.49247257788066
2025-05-19,115.01096682442413
2025-05-20,113.12313276078156
2025-05-21,114.05013662398503
2025-05-22,115.89419260818504
2025-05-23,115.46781157973757
2025-05-26,115.11456199873673
2025-05-27,113.10225334458104
2025-05-28,113.83320513272122
2025-05-29,114.67779569437822
2025-05-30,117.01526894250559
2025-06-02,116.29428048437396
2025-06-03,114.83172763685663
2025-06-04,115.18333991868349
2025-06-05,112.08788393405096
2025-06-06,112.11271958547071
2025-06-09,113.22447871670636
2025-06-10,113.26245020796775
2025-06-11,111.13993630987046
2025-06-12,111.59047764735072
2025-06-13,110.04302045137968
2025-06-16,109.37969198121087
2025-06-17,111.96891530188857
2025-06-18,112.25991209744082
2025-06-19,112.19254956718432
2025-06-20,112.93828673682806
2025-06-23,113.41734187812189
2025-06-24,113.17782641550897
2025-06-25,113.9544363486201
2025-06-26,113.76664907402298
2025-06-27,112.81194448029628
2025-06-30,112.85775765619053
2025-07-01,113.0859541658484
2025-07-02,112.87505387067907
2025-07-03,113.84056576738178
2025-07-04,112.54921174129873
2025-07-07,112.06171899611294
2025-07-08,109.31543656708169
2025-07-09,110.75262225042913
2025-07-10,110.45919809164222
2025-07-11,110.50789372510783
2025-07-14,110.40458751646014
2025-07-15,108.4931636156877
2025-07-16,109.31774275638111
2025-07-17,105.69425473052002
2025-07-18,106.83999353073365
2025-07-21,109.1244242166964
2025-07-22,109.32016463302989
2025-07-23,106.18482875412411
2025-07-24,106.89100294436977
2025-07-25,108.75321545467823
2025-07-28,106.99375068092247
2025-07-29,106.52214708883446
2025-07-30,107.53647304101715
2025-07-31,106.8944444542118
2025-08-01,108.50947207649766
2025-08-04,109.32743250854926
2025-08-05,111.56796823425267
2025-08-06,111.43627571068033
2025-08-07,111.09471564835079
2025-08-08,112.04755814939556
2025-08-11,112.18263440074506
2025-08-12,111.59109503686899
2025-08-13,111.09977358881437
2025-08-14,111.31865839482096
2025-08-15,111.06327086951818
2025-08-18,110.58762019746482
2025-08-19,110.97872158386667
2025-08-20,111.56461742283548
2025-08-21,112.28238447387324
2025-08-22,111.59649008143413
2025-08-25,110.42842957339731
2025-08-26,110.6684196194839
2025-08-27,109.31318661943776
2025-08-28,109.58059231760508
2025-08-29,108.61984884133929
2025-09-01,107.13764639831804
2025-09-02,103.55348015504704
2025-09-03,103.69132703730179
2025-09-04,103.01019625784119
2025-09-05,105.42747219417457
2025-09-08,107.08229885694232
2025-09-09,107.5257151566586
2025-09-10,109.13945948466272
2025-09-11,110.41265214351546
2025-09-12,111.90222493915066
2025-09-15,111.40154694089742
2025-09-16,111.30533631023387
2025-09-17,110.73882502737793
2025-09-18,112.75922706292216
2025-09-19,114.0749981780175
2025-09-22,114.99025127951661
2025-09-23,117.39180451204443
2025-09-24,116.93688703470846
2025-09-25,113.78772183538264
2025-09-26,113.50189247939025
2025-09-29,111.99943876345846
2025-09-30,112.3730629492621
2025-10-01,112.92963594701153
2025-10-02,113.33469373357067
2025-10-03,116.90940900380697
2025-10-06,119.07419255135198
2025-10-07,121.09525046282903
2025-10-08,123.38214072479252
2025-10-09,122.59681847046566
2025-10-10,122.15278902086304
2025-10-13,124.29269895223969
2025-10-14,123.05184766119244
2025-10-15,122.76091242132058
2025-10-16,120.79999380863708
2025-10-17,122.17636878263897
2025-10-20,123.42662222110576
2025-10-21,124.32574769844962
2025-10-22,124.4530668427944
2025-10-23,124.85806631326017
2025-10-24,125.312697048286
2025-10-27,125.09152993689634
2025-10-28,127.10876640221984
2025-10-29,126.46609995421913
2025-10-30,126.14213275044739
2025-10-31,126.49576301108108
2025-11-03,125.28679813225449
2025-11-04,126.58595703712491
2025-11-05,126.99549912984489
2025-11-06,123.68366303118235
2025-11-07,123.12010032781077
2025-11-10,124.00139757709567
2025-11-11,124.80215643253139
2025-11-12,125.64430405215113
2025-11-13,127.92579162022983
2025-11-14,129.98603725421938
2025-11-17,129.40364193730142
2025-11-18,128.90556022084368
2025-11-19,127.8309387701918
2025-11-20,128.31409725438797
2025-11-21,127.13797962358426
2025-11-24,125.32217699808514
2025-11-25,125.82161593307355
2025-11-26,128.634920609601
2025-11-27,127.62166937531481
2025-11-28,128.89869113601546
2025-12-01,127.57929352333002
2025-12-02,128.0031356037886
2025-12-03,125.54845807653147
2025-12-04,125.06644253039592
2025-12-05,121.89618413768835
2025-12-08,119.60319413566552
2025-12-09,119.5023912022031
2025-12-10,118.18177752909251
2025-12-11,116.6744477495945
2025-12-12,115.1161223704223
2025-12-15,116.70886195512497
2025-12-16,116.66696076851973
2025-12-17,115.4864087680098
2025-12-18,116.02332208168372
2025-12-19,115.01122828151067
2025-12-22,112.74336651356703
2025-12-23,114.37456301337406
2025-12-24,114.00602296852536
2025-12-25,110.95829366501349
2025-12-26,108.41695804360567
2025-12-29,107.84045942473533
2025-12-30,106.97064405356029
2025-12-31,106.9238080070698
2026-01-01,108.55234217926555
2026-01-02,111.08166717712966
2026-01-05,111.5909981763751
2026-01-06,111.0748134305999
2026-01-07,111.43963754627708
2026-01-08,111.09629200152602
2026-01-09,110.45680514112968
2026-01-12,110.61858567628649
2026-01-13,110.58062598441882
2026-01-14,111.51392033390435
2026-01-15,112.45139628542343
2026-01-16,110.55062105652631
2026-01-19,110.93378432603862
2026-01-20,113.24897367504443
2026-01-21,113.46154842970844
2026-01-22,113.1547098786281
2026-01-23,111.59125002468538
2026-01-26,112.72712228274202
2026-01-27,113.32990516952736
2026-01-28,112.7521314566289
2026-01-29,113.00484862609335
2026-01-30,113.92930185738548
2026-02-02,113.22691245587964
2026-02-03,113.31559053629144
2026-02-04,112.74409468294189
2026-02-05,112.06124515470246
2026-02-06,113.35355099747065
2026-02-09,113.07262062990237
2026-02-10,113.83610234073296
2026-02-11,109.87122618077822
2026-02-12,109.32364813095793
2026-02-13,111.66000006270134
2026-02-16,109.74025983125155
2026-02-17,110.74886900281183
2026-02-18,111.95153537924394
2026-02-19,113.56955553376473
2026-02-20,114.03837961707282
2026-02-23,114.5552679303318
2026-02-24,114.49926241532096
2026-02-25,114.76151052775627
2026-02-26,115.26271484800199
2026-02-27,115.64061915674388
2026-03-02,115.57269824416316
2026-03-03,113.13017205457514
2026-03-04,111.35479772902934
2026-03-05,111.41024083226003
2026-03-06,111.75147165767274
2026-03-09,109.08217260757125
2026-03-10,107.94257983910495
2026-03-11,109.24584482028968
2026-03-12,109.09363293901477
2026-03-13,107.28034339929759
2026-03-16,108.21293188157024
2026-03-17,108.32661725996347
2026-03-18,106.86854101437962
2026-03-19,105.6698588194783
2026-03-20,105.6484495523896
2026-03-23,104.16028560713042
2026-03-24,102.92811204343589
2026-03-25,103.32658730555966
2026-03-26,101.0084226657779
2026-03-27,100.8717077335191
2026-03-30,102.13623599241524
2026-03-31,103.58658910728384
2026-04-01,102.67792992252784
2026-04-02,104.6161640191601
2026-04-03,105.37780355206456
2026-04-06,105.0943031950934
2026-04-07,105.13570409033095
2026-04-08,104.84569533752838
2026-04-09,103.81627295120236
2026-04-10,103.76379716742731
2026-04-13,103.14932319539281
2026-04-14,104.62681143649087
2026-04-15,107.13732774064908
2026-04-16,106.85860917102887
2026-04-17,107.67860435886338
2026-04-20,108.41615172221853
