Date,JEPI
2021-04-19,38.44056701660156
2021-04-20,38.54509353637695
2021-04-21,38.61043930053711
2021-04-22,38.53855514526367
2021-04-23,38.63003921508789
2021-04-26,38.40787887573242
2021-04-27,38.55815887451172
2021-04-28,38.53202819824219
2021-04-29,38.741119384765625
2021-04-30,38.728050231933594
2021-05-03,38.987125396728516
2021-05-04,39.006866455078125
2021-05-05,38.993690490722656
2021-05-06,39.17125701904297
2021-05-07,39.394832611083984
2021-05-10,39.473724365234375
2021-05-11,39.19755172729492
2021-05-12,38.618896484375
2021-05-13,39.019996643066406
2021-05-14,39.41455078125
2021-05-17,39.35537338256836
2021-05-18,39.09234619140625
2021-05-19,38.980560302734375
2021-05-20,39.256736755371094
2021-05-21,39.256736755371094
2021-05-24,39.44084548950195
2021-05-25,39.3619499206543
2021-05-26,39.394832611083984
2021-05-27,39.31592559814453
2021-05-28,39.407981872558594
2021-06-01,39.19906997680664
2021-06-02,39.410614013671875
2021-06-03,39.476722717285156
2021-06-04,39.615543365478516
2021-06-07,39.562660217285156
2021-06-08,39.53620910644531
2021-06-09,39.529605865478516
2021-06-10,39.641971588134766
2021-06-11,39.70146560668945
2021-06-14,39.734527587890625
2021-06-15,39.7609748840332
2021-06-16,39.57588195800781
2021-06-17,39.549442291259766
2021-06-18,39.2387580871582
2021-06-21,39.65519332885742
2021-06-22,39.74113845825195
2021-06-23,39.615543365478516
2021-06-24,39.82044982910156
2021-06-25,40.04521179199219
2021-06-28,40.03859329223633
2021-06-29,40.04521179199219
2021-06-30,40.03859329223633
2021-07-01,40.22157287597656
2021-07-02,40.32137680053711
2021-07-06,40.34134292602539
2021-07-07,40.54095458984375
2021-07-08,40.44780349731445
2021-07-09,40.51433181762695
2021-07-12,40.547607421875
2021-07-13,40.52098846435547
2021-07-14,40.6274528503418
2021-07-15,40.73391342163086
2021-07-16,40.76051330566406
2021-07-19,40.42118453979492
2021-07-20,40.71393585205078
2021-07-21,40.72060012817383
2021-07-22,40.767181396484375
2021-07-23,41.06658935546875
2021-07-26,41.0067138671875
2021-07-27,41.06658935546875
2021-07-28,40.91356658935547
2021-07-29,41.013370513916016
2021-07-30,41.06658935546875
2021-08-02,41.04454803466797
2021-08-03,41.251678466796875
2021-08-04,41.091312408447266
2021-08-05,41.20490264892578
2021-08-06,41.24498748779297
2021-08-09,41.25834655761719
2021-08-10,41.338531494140625
2021-08-11,41.4454460144043
2021-08-12,41.45212173461914
2021-08-13,41.552345275878906
2021-08-16,41.79955291748047
2021-08-17,41.76614761352539
2021-08-18,41.49889373779297
2021-08-19,41.585750579833984
2021-08-20,41.75947189331055
2021-08-23,41.81291580200195
2021-08-24,41.69265365600586
2021-08-25,41.72605514526367
2021-08-26,41.65256881713867
2021-08-27,41.732749938964844
2021-08-30,41.84632873535156
2021-08-31,41.77950668334961
2021-09-01,41.81243896484375
2021-09-02,41.9400634765625
2021-09-03,41.89976501464844
2021-09-07,41.59745788574219
2021-09-08,41.758689880371094
2021-09-09,41.530277252197266
2021-09-10,41.37576675415039
2021-09-13,41.34889221191406
2021-09-14,41.107051849365234
2021-09-15,41.37576675415039
2021-09-16,41.3287467956543
2021-09-17,41.086891174316406
2021-09-20,40.636802673339844
2021-09-21,40.603206634521484
2021-09-22,40.777870178222656
2021-09-23,41.086891174316406
2021-09-24,41.09361267089844
2021-09-27,40.925662994384766
2021-09-28,40.3479118347168
2021-09-29,40.5360221862793
2021-09-30,40.04560089111328
2021-10-01,40.36522674560547
2021-10-04,40.09493637084961
2021-10-05,40.39222717285156
2021-10-06,40.5611457824707
2021-10-07,40.8314323425293
2021-10-08,40.73683166503906
2021-10-11,40.55439376831055
2021-10-12,40.52061462402344
2021-10-13,40.72331619262695
2021-10-14,41.18278121948242
2021-10-15,41.37198257446289
2021-10-18,41.324668884277344
2021-10-19,41.51386642456055
2021-10-20,41.689552307128906
2021-10-21,41.757110595703125
2021-10-22,41.919288635253906
2021-10-25,41.9260368347168
2021-10-26,41.9463005065918
2021-10-27,41.73684310913086
2021-10-28,41.87874221801758
2021-10-29,41.87874221801758
2021-11-01,41.767269134521484
2021-11-02,41.869224548339844
2021-11-03,41.93038558959961
2021-11-04,41.916805267333984
2021-11-05,41.82844161987305
2021-11-08,41.7332878112793
2021-11-09,41.83523941040039
2021-11-10,41.93038558959961
2021-11-11,41.916805267333984
2021-11-12,42.11391067504883
2021-11-15,42.14110565185547
2021-11-16,42.18189239501953
2021-11-17,42.066341400146484
2021-11-18,41.95757293701172
2021-11-19,41.90321731567383
2021-11-22,41.93038558959961
2021-11-23,42.066341400146484
2021-11-24,42.08672332763672
2021-11-26,41.70608901977539
2021-11-29,41.83523941040039
2021-11-30,41.16913604736328
2021-12-01,40.81549835205078
2021-12-02,41.369537353515625
2021-12-03,41.48585510253906
2021-12-06,41.90308380126953
2021-12-07,42.36821365356445
2021-12-08,42.29981231689453
2021-12-09,42.272457122802734
2021-12-10,42.54607391357422
2021-12-13,42.655513763427734
2021-12-14,42.40926742553711
2021-12-15,42.87439727783203
2021-12-16,43.03856658935547
2021-12-17,42.58027267456055
2021-12-20,42.25194549560547
2021-12-21,42.60079574584961
2021-12-22,42.805999755859375
2021-12-23,42.970176696777344
2021-12-27,43.312171936035156
2021-12-28,43.33269500732422
2021-12-29,43.51053237915039
2021-12-30,43.45473861694336
2021-12-31,43.53741455078125
2022-01-03,43.34449005126953
2022-01-04,43.43404769897461
2022-01-05,43.33070755004883
2022-01-06,43.24113845825195
2022-01-07,43.10334014892578
2022-01-10,43.013763427734375
2022-01-11,43.11022186279297
2022-01-12,43.21357727050781
2022-01-13,43.020652770996094
2022-01-14,42.848426818847656
2022-01-18,42.338565826416016
2022-01-19,42.14564514160156
2022-01-20,41.821807861328125
2022-01-21,41.38774490356445
2022-01-24,41.51865768432617
2022-01-25,41.057037353515625
2022-01-26,40.82967758178711
2022-01-27,40.83656311035156
2022-01-28,41.59446716308594
2022-01-31,42.0216178894043
2022-02-01,42.14780807495117
2022-02-02,42.619285583496094
2022-02-03,42.23794937133789
2022-02-04,42.03688049316406
2022-02-07,41.87741470336914
2022-02-08,42.14780807495117
2022-02-09,42.50835037231445
2022-02-10,41.94675064086914
2022-02-11,41.51687240600586
2022-02-14,41.39901351928711
2022-02-15,41.70408630371094
2022-02-16,41.815025329589844
2022-02-17,41.405941009521484
2022-02-18,41.281150817871094
2022-02-22,40.94833755493164
2022-02-23,40.44221115112305
2022-02-24,40.69181823730469
2022-02-25,41.62087631225586
2022-02-28,41.50300598144531
2022-03-01,41.07818603515625
2022-03-02,41.5882568359375
2022-03-03,41.73499298095703
2022-03-04,41.8258171081543
2022-03-07,41.13410186767578
2022-03-08,40.60305404663086
2022-03-09,41.16203308105469
2022-03-10,41.1201057434082
2022-03-11,40.9733772277832
2022-03-14,41.02228546142578
2022-03-15,41.658119201660156
2022-03-16,42.007484436035156
2022-03-17,42.412750244140625
2022-03-18,42.55250549316406
2022-03-21,42.52455520629883
2022-03-22,42.63634490966797
2022-03-23,42.4057731628418
2022-03-24,42.62936019897461
2022-03-25,42.831993103027344
2022-03-28,42.964759826660156
2022-03-29,43.04161071777344
2022-03-30,43.04161071777344
2022-03-31,42.90186309814453
2022-04-01,43.04154968261719
2022-04-04,42.928672790527344
2022-04-05,42.999229431152344
2022-04-06,43.330810546875
2022-04-07,43.52833557128906
2022-04-08,43.598873138427734
2022-04-11,43.27436065673828
2022-04-12,43.119144439697266
2022-04-13,43.380191802978516
2022-04-14,43.25320053100586
2022-04-18,43.1544303894043
2022-04-19,43.52833557128906
2022-04-20,43.90224838256836
2022-04-21,43.52128601074219
2022-04-22,42.484230041503906
2022-04-25,42.63942337036133
2022-04-26,41.81401062011719
2022-04-27,41.96217346191406
2022-04-28,42.5477180480957
2022-04-29,41.32722091674805
2022-05-02,41.16222381591797
2022-05-03,41.36137008666992
2022-05-04,42.200523376464844
2022-05-05,41.31867980957031
2022-05-06,41.10533905029297
2022-05-09,40.34438705444336
2022-05-10,40.2021484375
2022-05-11,40.00303268432617
2022-05-12,40.05281448364258
2022-05-13,40.60040283203125
2022-05-16,40.735538482666016
2022-05-17,41.11955642700195
2022-05-18,39.82523727416992
2022-05-19,39.597660064697266
2022-05-20,39.68301773071289
2022-05-23,40.32307434082031
2022-05-24,40.48663330078125
2022-05-25,40.57908248901367
2022-05-26,41.027099609375
2022-05-27,41.60315704345703
2022-05-31,41.297359466552734
2022-06-01,41.10074996948242
2022-06-02,41.38776397705078
2022-06-03,41.308837890625
2022-06-06,41.4021110534668
2022-06-07,41.65324783325195
2022-06-08,41.308837890625
2022-06-09,40.756324768066406
2022-06-10,40.0316047668457
2022-06-13,38.811790466308594
2022-06-14,38.57499313354492
2022-06-15,38.80461883544922
2022-06-16,37.92923355102539
2022-06-17,37.96509552001953
2022-06-21,38.83332824707031
2022-06-22,38.96247100830078
2022-06-23,39.38582229614258
2022-06-24,40.26839828491211
2022-06-27,40.325801849365234
2022-06-28,39.79482650756836
2022-06-29,39.84506607055664
2022-06-30,39.78763961791992
2022-07-01,40.274574279785156
2022-07-05,39.99156188964844
2022-07-06,40.23828125
2022-07-07,40.37615203857422
2022-07-08,40.296348571777344
2022-07-11,40.36164474487305
2022-07-12,40.078643798828125
2022-07-13,39.831912994384766
2022-07-14,39.831912994384766
2022-07-15,40.296348571777344
2022-07-18,40.04961013793945
2022-07-19,40.55032730102539
2022-07-20,40.470497131347656
2022-07-21,40.67368698120117
2022-07-22,40.782535552978516
2022-07-25,41.00749969482422
2022-07-26,41.000244140625
2022-07-27,41.17439270019531
2022-07-28,41.60254669189453
2022-07-29,41.675106048583984
2022-08-01,41.52505111694336
2022-08-02,41.3493766784668
2022-08-03,41.48112869262695
2022-08-04,41.495784759521484
2022-08-05,41.5836181640625
2022-08-08,41.71537780761719
2022-08-09,41.81052780151367
2022-08-10,41.97887420654297
2022-08-11,41.94229507446289
2022-08-12,42.1765251159668
2022-08-15,42.28632736206055
2022-08-16,42.33022689819336
2022-08-17,42.24238204956055
2022-08-18,42.33022689819336
2022-08-19,42.30094909667969
2022-08-22,42.00815963745117
2022-08-23,41.84711837768555
2022-08-24,41.89836883544922
2022-08-25,42.27166748046875
2022-08-26,41.44453811645508
2022-08-29,41.224945068359375
2022-08-30,40.76378631591797
2022-08-31,40.44905471801758
2022-09-01,40.72191619873047
2022-09-02,40.26344299316406
2022-09-06,40.315208435058594
2022-09-07,40.92157745361328
2022-09-08,41.15818405151367
2022-09-09,41.520530700683594
2022-09-12,41.734962463378906
2022-09-13,40.426124572753906
2022-09-14,40.57402420043945
2022-09-15,40.248661041259766
2022-09-16,40.078575134277344
2022-09-19,40.30781936645508
2022-09-20,39.945472717285156
2022-09-21,39.435245513916016
2022-09-22,39.257789611816406
2022-09-23,38.843685150146484
2022-09-26,38.46657180786133
2022-09-27,38.200374603271484
2022-09-28,38.86587142944336
2022-09-29,38.3482551574707
2022-09-30,37.88239669799805
2022-10-03,38.778907775878906
2022-10-04,39.52537155151367
2022-10-05,39.42831802368164
2022-10-06,38.9879035949707
2022-10-07,38.30861282348633
2022-10-10,38.256370544433594
2022-10-11,38.16679000854492
2022-10-12,37.98018264770508
2022-10-13,38.70425033569336
2022-10-14,38.16679000854492
2022-10-17,38.816219329833984
2022-10-18,39.1894645690918
2022-10-19,38.905799865722656
2022-10-20,38.53255844116211
2022-10-21,39.137210845947266
2022-10-24,39.54776382446289
2022-10-25,39.8836784362793
2022-10-26,40.01802444458008
2022-10-27,40.1747932434082
2022-10-28,40.77943420410156
2022-10-31,40.73463821411133
2022-11-01,40.693870544433594
2022-11-02,40.27116394042969
2022-11-03,40.218326568603516
2022-11-04,40.6108512878418
2022-11-07,40.882572174072266
2022-11-08,41.139244079589844
2022-11-09,40.7014274597168
2022-11-10,41.66007995605469
2022-11-11,41.441184997558594
2022-11-14,41.48647689819336
2022-11-15,41.56195831298828
2022-11-16,41.66762924194336
2022-11-17,41.63744354248047
2022-11-18,41.96202850341797
2022-11-21,42.196022033691406
2022-11-22,42.43001937866211
2022-11-23,42.520606994628906
2022-11-25,42.664024353027344
2022-11-28,42.39982986450195
2022-11-29,42.384735107421875
2022-11-30,42.860294342041016
2022-12-01,42.8221321105957
2022-12-02,42.85265350341797
2022-12-05,42.669517517089844
2022-12-06,42.4024658203125
2022-12-07,42.42535400390625
2022-12-08,42.639015197753906
2022-12-09,42.38720703125
2022-12-12,42.9137077331543
2022-12-13,42.98237609863281
2022-12-14,42.89080810546875
2022-12-15,42.20408248901367
2022-12-16,41.83018112182617
2022-12-19,41.59363555908203
2022-12-20,41.624168395996094
2022-12-21,42.143035888671875
2022-12-22,41.83781051635742
2022-12-23,42.09724044799805
2022-12-27,42.196441650390625
2022-12-28,41.776763916015625
2022-12-29,42.20319366455078
2022-12-30,42.01813888549805
2023-01-03,42.0026969909668
2023-01-04,42.210906982421875
2023-01-05,41.779083251953125
2023-01-06,42.55018615722656
2023-01-09,42.42681121826172
2023-01-10,42.55790328979492
2023-01-11,42.79695129394531
2023-01-12,42.84322738647461
2023-01-13,42.95118713378906
2023-01-17,42.84322738647461
2023-01-18,42.3574104309082
2023-01-19,42.1260871887207
2023-01-20,42.419105529785156
2023-01-23,42.5039176940918
2023-01-24,42.55790328979492
2023-01-25,42.534786224365234
2023-01-26,42.55790328979492
2023-01-27,42.42681121826172
2023-01-30,42.42681121826172
2023-01-31,42.773807525634766
2023-02-01,42.78470230102539
2023-02-02,42.70697021484375
2023-02-03,42.51264190673828
2023-02-06,42.59036636352539
2023-02-07,42.60591125488281
2023-02-08,42.458221435546875
2023-02-09,42.31053161621094
2023-02-10,42.574825286865234
2023-02-13,42.80025100708008
2023-02-14,42.71473693847656
2023-02-15,42.82356262207031
2023-02-16,42.5981330871582
2023-02-17,42.67586898803711
2023-02-21,42.21723937988281
2023-02-22,42.10063934326172
2023-02-23,42.178382873535156
2023-02-24,41.85966110229492
2023-02-27,41.976261138916016
2023-02-28,41.81303024291992
2023-03-01,41.641475677490234
2023-03-02,41.962642669677734
2023-03-03,42.322967529296875
2023-03-06,42.385643005371094
2023-03-07,41.87647247314453
2023-03-08,41.907814025878906
2023-03-09,41.39081954956055
2023-03-10,40.834659576416016
2023-03-13,40.88949203491211
2023-03-14,41.38299560546875
2023-03-15,41.132320404052734
2023-03-16,41.61014938354492
2023-03-17,41.14798355102539
2023-03-20,41.523983001708984
2023-03-21,41.8294792175293
2023-03-22,41.32815933227539
2023-03-23,41.40650177001953
2023-03-24,41.71980285644531
2023-03-27,41.907814025878906
2023-03-28,41.94697952270508
2023-03-29,42.299461364746094
2023-03-30,42.46397399902344
2023-03-31,42.76946258544922
2023-04-03,42.85239028930664
2023-04-04,42.74181365966797
2023-04-05,42.883975982666016
2023-04-06,42.91557693481445
2023-04-10,43.00244903564453
2023-04-11,43.120906829833984
2023-04-12,43.17619705200195
2023-04-13,43.32624053955078
2023-04-14,43.26308059692383
2023-04-17,43.35783767700195
2023-04-18,43.38943099975586
2023-04-19,43.39731216430664
2023-04-20,43.41312789916992
2023-04-21,43.499996185302734
2023-04-24,43.56317138671875
2023-04-25,43.17619705200195
2023-04-26,42.820804595947266
2023-04-27,43.428916931152344
2023-04-28,43.752716064453125
2023-05-01,43.82831954956055
2023-05-02,43.581600189208984
2023-05-03,43.29509735107422
2023-05-04,43.08818054199219
2023-05-05,43.549781799316406
2023-05-08,43.53385925292969
2023-05-09,43.41447830200195
2023-05-10,43.5179443359375
2023-05-11,43.46223068237305
2023-05-12,43.4860954284668
2023-05-15,43.54181671142578
2023-05-16,43.18367385864258
2023-05-17,43.53385925292969
2023-05-18,43.6452751159668
2023-05-19,43.67711639404297
2023-05-22,43.58956527709961
2023-05-23,43.23143005371094
2023-05-24,42.85736083984375
2023-05-25,42.88920593261719
2023-05-26,43.08818054199219
2023-05-30,43.016536712646484
2023-05-31,42.9926643371582
2023-06-01,43.20500564575195
2023-06-02,43.565582275390625
2023-06-05,43.59763717651367
2023-06-06,43.509483337402344
2023-06-07,43.59763717651367
2023-06-08,43.67774963378906
2023-06-09,43.62167739868164
2023-06-12,43.68577575683594
2023-06-13,43.75788879394531
2023-06-14,43.67774963378906
2023-06-15,43.91012954711914
2023-06-16,43.950199127197266
2023-06-20,43.80595779418945
2023-06-21,43.878074645996094
2023-06-22,43.88610076904297
2023-06-23,43.781917572021484
2023-06-26,43.894107818603516
2023-06-27,44.0383415222168
2023-06-28,43.95820617675781
2023-06-29,44.118465423583984
2023-06-30,44.334808349609375
2023-07-03,44.35820007324219
2023-07-05,44.317867279052734
2023-07-06,44.11623764038086
2023-07-07,44.01140213012695
2023-07-10,44.24528503417969
2023-07-11,44.398529052734375
2023-07-12,44.5436897277832
2023-07-13,44.51144790649414
2023-07-14,44.61627960205078
2023-07-17,44.664669036865234
2023-07-18,44.680809020996094
2023-07-19,44.745323181152344
2023-07-20,44.898555755615234
2023-07-21,45.06792449951172
2023-07-24,45.10018539428711
2023-07-25,45.027610778808594
2023-07-26,45.092132568359375
2023-07-27,44.92275619506836
2023-07-28,45.01954650878906
2023-07-31,45.06792449951172
2023-08-01,45.051727294921875
2023-08-02,44.889564514160156
2023-08-03,44.832820892333984
2023-08-04,44.69501495361328
2023-08-07,45.092247009277344
2023-08-08,44.94633102416992
2023-08-09,44.87335968017578
2023-08-10,44.938228607177734
2023-08-11,45.011192321777344
2023-08-14,45.124671936035156
2023-08-15,44.69501495361328
2023-08-16,44.44367980957031
2023-08-17,44.19234848022461
2023-08-18,44.19234848022461
2023-08-21,44.27342224121094
2023-08-22,44.19234848022461
2023-08-23,44.52474594116211
2023-08-24,44.176143646240234
2023-08-25,44.50853729248047
2023-08-28,44.719322204589844
2023-08-29,45.05982971191406
2023-08-30,45.18142318725586
2023-08-31,45.06792449951172
2023-09-01,45.15602111816406
2023-09-05,44.91131591796875
2023-09-06,44.91131591796875
2023-09-07,44.97657012939453
2023-09-08,45.00920104980469
2023-09-11,45.188655853271484
2023-09-12,45.00920104980469
2023-09-13,45.09076690673828
2023-09-14,45.343624114990234
2023-09-15,45.017356872558594
2023-09-18,45.09076690673828
2023-09-19,45.001041412353516
2023-09-20,44.846065521240234
2023-09-21,44.21799087524414
2023-09-22,44.177215576171875
2023-09-25,44.283241271972656
2023-09-26,43.72042465209961
2023-09-27,43.63886260986328
2023-09-28,43.82646179199219
2023-09-29,43.687808990478516
2023-10-02,43.49317169189453
2023-10-03,43.03327178955078
2023-10-04,43.39461898803711
2023-10-05,43.18930435180664
2023-10-06,43.53422546386719
2023-10-09,43.76417541503906
2023-10-10,44.01055145263672
2023-10-11,44.15016555786133
2023-10-12,43.9119987487793
2023-10-13,43.90379333496094
2023-10-16,44.289772033691406
2023-10-17,44.396541595458984
2023-10-18,43.969482421875
2023-10-19,43.649208068847656
2023-10-20,43.26321029663086
2023-10-23,43.11540222167969
2023-10-24,43.41102981567383
2023-10-25,42.992210388183594
2023-10-26,42.655494689941406
2023-10-27,42.3023681640625
2023-10-30,42.80331802368164
2023-10-31,43.21394729614258
2023-11-01,43.601749420166016
2023-11-02,44.11442565917969
2023-11-03,44.3128776550293
2023-11-06,44.420372009277344
2023-11-07,44.3128776550293
2023-11-08,44.34595489501953
2023-11-09,44.09788131713867
2023-11-10,44.486515045166016
2023-11-13,44.486515045166016
2023-11-14,44.817283630371094
2023-11-15,44.80900955200195
2023-11-16,44.800743103027344
2023-11-17,44.875152587890625
2023-11-20,44.866886138916016
2023-11-21,45.0074577331543
2023-11-22,45.13148880004883
2023-11-24,45.22245407104492
2023-11-27,45.12322998046875
2023-11-28,45.114959716796875
2023-11-29,45.073604583740234
2023-11-30,45.23899841308594
2023-12-01,45.43053436279297
2023-12-04,45.480506896972656
2023-12-05,45.2889518737793
2023-12-06,45.33060073852539
2023-12-07,45.372249603271484
2023-12-08,45.29729461669922
2023-12-11,45.555458068847656
2023-12-12,45.771995544433594
2023-12-13,46.030174255371094
2023-12-14,45.8719367980957
2023-12-15,45.846954345703125
2023-12-18,45.83028793334961
2023-12-19,45.9135856628418
2023-12-20,45.65540313720703
2023-12-21,45.846954345703125
2023-12-22,45.90524673461914
2023-12-26,46.00518798828125
2023-12-27,46.08014678955078
2023-12-28,46.14560317993164
2023-12-29,46.14560317993164
2024-01-02,46.26311111450195
2024-01-03,46.0029411315918
2024-01-04,45.98614501953125
2024-01-05,45.95256805419922
2024-01-08,46.26311111450195
2024-01-09,46.22954559326172
2024-01-10,46.27989196777344
2024-01-11,46.28829574584961
2024-01-12,46.41419219970703
2024-01-16,46.296688079833984
2024-01-17,46.120426177978516
2024-01-18,46.33864974975586
2024-01-19,46.54848861694336
2024-01-22,46.71634292602539
2024-01-23,46.87580871582031
2024-01-24,46.69955825805664
2024-01-25,46.9009895324707
2024-01-26,46.95134735107422
2024-01-29,47.12761306762695
2024-01-30,47.228328704833984
2024-01-31,46.96813201904297
2024-02-01,47.46685791015625
2024-02-02,47.416229248046875
2024-02-05,47.19682312011719
2024-02-06,47.28120422363281
2024-02-07,47.38246536254883
2024-02-08,47.365596771240234
2024-02-09,47.38246536254883
2024-02-12,47.38246536254883
2024-02-13,47.13776397705078
2024-02-14,47.39934539794922
2024-02-15,47.55124282836914
2024-02-16,47.449974060058594
2024-02-20,47.47529220581055
2024-02-21,47.677818298339844
2024-02-22,47.89722442626953
2024-02-23,47.99848556518555
2024-02-26,48.0322265625
2024-02-27,48.01536178588867
2024-02-28,48.05755615234375
2024-02-29,48.07443618774414
2024-03-01,48.202537536621094
2024-03-04,48.26191711425781
2024-03-05,48.160118103027344
2024-03-06,48.34674835205078
2024-03-07,48.47400665283203
2024-03-08,48.44005584716797
2024-03-11,48.431583404541016
2024-03-12,48.601253509521484
2024-03-13,48.66912078857422
2024-03-14,48.635189056396484
2024-03-15,48.3382568359375
2024-03-18,48.482486724853516
2024-03-19,48.69456481933594
2024-03-20,48.82183074951172
2024-03-21,48.88119888305664
2024-03-22,48.74546432495117
2024-03-25,48.677608489990234
2024-03-26,48.71153259277344
2024-03-27,49.00845718383789
2024-03-28,49.08480453491211
2024-04-01,48.87571334838867
2024-04-02,48.77330017089844
2024-04-03,48.72209548950195
2024-04-04,48.38072967529297
2024-04-05,48.70503234863281
2024-04-08,48.81597900390625
2024-04-09,48.82451248168945
2024-04-10,48.372188568115234
2024-04-11,48.48313903808594
2024-04-12,47.962554931640625
2024-04-15,47.52729797363281
2024-04-16,47.53583526611328
2024-04-17,47.43341827392578
2024-04-18,47.33955383300781
2024-04-19,47.322479248046875
2024-04-22,47.72359085083008
2024-04-23,48.099098205566406
2024-04-24,48.15030288696289
2024-04-25,47.8857421875
2024-04-26,48.03082275390625
2024-04-29,48.16736602783203
2024-04-30,47.732120513916016
2024-05-01,47.64284896850586
2024-05-02,47.805946350097656
2024-05-03,48.12356185913086
2024-05-06,48.389678955078125
2024-05-07,48.63004684448242
2024-05-08,48.72447204589844
2024-05-09,48.95624542236328
2024-05-10,49.01633834838867
2024-05-13,48.981990814208984
2024-05-14,49.01633834838867
2024-05-15,49.14508819580078
2024-05-16,49.16226577758789
2024-05-17,49.26527404785156
2024-05-20,49.20518493652344
2024-05-21,49.119346618652344
2024-05-22,49.15367889404297
2024-05-23,48.86181640625
2024-05-24,48.86181640625
2024-05-28,48.57853317260742
2024-05-29,48.312416076660156
2024-05-30,48.30384063720703
2024-05-31,48.78455352783203
2024-06-03,48.55131149291992
2024-06-04,48.663604736328125
2024-06-05,48.827762603759766
2024-06-06,48.87959289550781
2024-06-07,48.827762603759766
2024-06-10,48.92277908325195
2024-06-11,48.81047439575195
2024-06-12,48.73271942138672
2024-06-13,48.646331787109375
2024-06-14,48.55131149291992
2024-06-17,48.65497589111328
2024-06-18,48.69816589355469
2024-06-20,48.83639144897461
2024-06-21,48.98325729370117
2024-06-24,49.19922637939453
2024-06-25,49.02645492553711
2024-06-26,49.00053787231445
2024-06-27,49.01780700683594
2024-06-28,48.965980529785156
2024-07-01,48.7574348449707
2024-07-02,48.83563232421875
2024-07-03,48.78350067138672
2024-07-05,48.99203872680664
2024-07-08,48.87038803100586
2024-07-09,48.774810791015625
2024-07-10,48.87038803100586
2024-07-11,49.21797180175781
2024-07-12,49.45260238647461
2024-07-15,49.409149169921875
2024-07-16,49.72197723388672
2024-07-17,49.81755828857422
2024-07-18,49.58293914794922
2024-07-19,49.33095169067383
2024-07-22,49.704593658447266
2024-07-23,49.45260238647461
2024-07-24,48.9572868347168
2024-07-25,48.939910888671875
2024-07-26,49.49604797363281
2024-07-29,49.54818344116211
2024-07-30,49.5655632019043
2024-07-31,49.94791030883789
2024-08-01,49.781089782714844
2024-08-02,49.23087692260742
2024-08-05,48.01692581176758
2024-08-06,48.488529205322266
2024-08-07,48.2789306640625
2024-08-08,49.09988021850586
2024-08-09,49.26580810546875
2024-08-12,49.22215270996094
2024-08-13,49.63261795043945
2024-08-14,49.833492279052734
2024-08-15,50.27017593383789
2024-08-16,50.313838958740234
2024-08-19,50.49723815917969
2024-08-20,50.51470947265625
2024-08-21,50.654441833496094
2024-08-22,50.54090881347656
2024-08-23,50.750518798828125
2024-08-26,50.9077262878418
2024-08-27,50.96011734008789
2024-08-28,50.91645050048828
2024-08-29,51.13478469848633
2024-08-30,51.37932586669922
2024-09-03,51.080360412597656
2024-09-04,51.16829299926758
2024-09-05,50.939666748046875
2024-09-06,50.587928771972656
2024-09-09,51.089141845703125
2024-09-10,51.17707824707031
2024-09-11,51.308982849121094
2024-09-12,51.440887451171875
2024-09-13,51.73106002807617
2024-09-16,51.92451095581055
2024-09-17,51.88934326171875
2024-09-18,51.74864196777344
2024-09-19,52.06520080566406
2024-09-20,52.012451171875
2024-09-23,52.16194152832031
2024-09-24,52.100379943847656
2024-09-25,51.99485778808594
2024-09-26,52.16194152832031
2024-09-27,52.24108123779297
2024-09-30,52.329010009765625
2024-10-01,52.32193374633789
2024-10-02,52.39274215698242
2024-10-03,52.1448974609375
2024-10-04,52.357337951660156
2024-10-07,52.08293533325195
2024-10-08,52.2157096862793
2024-10-09,52.41929626464844
2024-10-10,52.357337951660156
2024-10-11,52.63172912597656
2024-10-14,52.85301971435547
2024-10-15,52.729103088378906
2024-10-16,52.906131744384766
2024-10-17,52.96809005737305
2024-10-18,53.02120590209961
2024-10-21,52.79990768432617
2024-10-22,52.75564956665039
2024-10-23,52.693695068359375
2024-10-24,52.56977462768555
2024-10-25,52.42814636230469
2024-10-28,52.543216705322266
2024-10-29,52.43700408935547
2024-10-30,52.357337951660156
2024-10-31,51.950157165527344
2024-11-01,52.08823013305664
2024-11-04,52.0526123046875
2024-11-05,52.4534912109375
2024-11-06,53.086002349853516
2024-11-07,53.15726089477539
2024-11-08,53.477970123291016
2024-11-11,53.52251434326172
2024-11-12,53.42452621459961
2024-11-13,53.46906661987305
2024-11-14,53.2552604675293
2024-11-15,52.800926208496094
2024-11-18,52.94346237182617
2024-11-19,52.92564392089844
2024-11-20,52.98800277709961
2024-11-21,53.37107467651367
2024-11-22,53.59379196166992
2024-11-25,53.89668273925781
2024-11-26,54.057029724121094
2024-11-27,54.06593704223633
2024-11-29,54.1906623840332
2024-12-02,54.07587432861328
2024-12-03,53.887542724609375
2024-12-04,53.95928192138672
2024-12-05,53.797874450683594
2024-12-06,53.72612762451172
2024-12-09,53.51089096069336
2024-12-10,53.4839973449707
2024-12-11,53.46605682373047
2024-12-12,53.36741256713867
2024-12-13,53.29566955566406
2024-12-16,53.11631774902344
2024-12-17,53.008705139160156
2024-12-18,51.79804229736328
2024-12-19,51.690433502197266
2024-12-20,52.19263458251953
2024-12-23,52.363014221191406
2024-12-24,52.748626708984375
2024-12-26,52.78451156616211
2024-12-27,52.42579650878906
2024-12-30,51.97740936279297
2024-12-31,51.945796966552734
2025-01-02,51.90968322753906
2025-01-03,52.35212326049805
2025-01-06,52.288909912109375
2025-01-07,52.06318664550781
2025-01-08,52.2708625793457
2025-01-10,51.52142333984375
2025-01-13,51.71104049682617
2025-01-14,51.9187126159668
2025-01-15,52.370182037353516
2025-01-16,52.59591293334961
2025-01-17,52.82164001464844
2025-01-21,53.227970123291016
2025-01-22,53.155731201171875
2025-01-23,53.3995246887207
2025-01-24,53.3634033203125
2025-01-27,53.53496170043945
2025-01-28,53.25505065917969
2025-01-29,53.21893310546875
2025-01-30,53.390499114990234
2025-01-31,53.24603271484375
2025-02-03,53.16975784301758
2025-02-04,53.2242317199707
2025-02-05,53.51477813720703
2025-02-06,53.60557174682617
2025-02-07,53.37858963012695
2025-02-10,53.65096664428711
2025-02-11,53.7508430480957
2025-02-12,53.60557174682617
2025-02-13,53.823482513427734
2025-02-14,53.72360610961914
2025-02-18,53.88704299926758
2025-02-19,54.213897705078125
2025-02-20,54.213897705078125
2025-02-21,53.687294006347656
2025-02-24,53.66004943847656
2025-02-25,53.78717041015625
2025-02-26,53.65096664428711
2025-02-27,53.28778839111328
2025-02-28,53.9415168762207
2025-03-03,53.583621978759766
2025-03-04,52.926265716552734
2025-03-05,53.41014862060547
2025-03-06,52.82583999633789
2025-03-07,53.13625717163086
2025-03-10,52.396732330322266
2025-03-11,51.81241226196289
2025-03-12,51.757625579833984
2025-03-13,51.282875061035156
2025-03-14,52.0041389465332
2025-03-17,52.46064376831055
2025-03-18,52.1319580078125
2025-03-19,52.396732330322266
2025-03-20,52.28717041015625
2025-03-21,52.141090393066406
2025-03-24,52.761932373046875
2025-03-25,52.63411331176758
2025-03-26,52.50628662109375
2025-03-27,52.38759994506836
2025-03-28,51.74850082397461
2025-03-31,52.16848373413086
2025-04-01,52.20343017578125
2025-04-02,52.4149169921875
2025-04-03,50.7689094543457
2025-04-04,47.94586181640625
2025-04-07,47.77114486694336
2025-04-08,47.026302337646484
2025-04-09,50.39188766479492
2025-04-10,49.1596794128418
2025-04-11,49.637855529785156
2025-04-14,50.2723503112793
2025-04-15,50.125213623046875
2025-04-16,49.297611236572266
2025-04-17,49.435546875
2025-04-21,48.47000503540039
2025-04-22,49.49991989135742
2025-04-23,49.84934997558594
2025-04-24,50.410274505615234
2025-04-25,50.557411193847656
2025-04-28,50.658565521240234
2025-04-29,50.833274841308594
2025-04-30,51.118343353271484
2025-05-01,51.11648941040039
2025-05-02,51.63600540161133
2025-05-05,51.58961486816406
2025-05-06,51.38552474975586
2025-05-07,51.65456008911133
2025-05-08,51.64528274536133
2025-05-09,51.62672424316406
2025-05-12,52.11841583251953
2025-05-13,51.979244232177734
2025-05-14,51.6638298034668
2025-05-15,51.914310455322266
2025-05-16,52.174068450927734
2025-05-19,52.220462799072266
2025-05-20,52.229732513427734
2025-05-21,51.87720489501953
2025-05-22,51.70094299316406
2025-05-23,51.50612258911133
2025-05-27,52.016361236572266
2025-05-28,51.858646392822266
2025-05-29,51.95142364501953
2025-05-30,52.034912109375
2025-06-02,52.1098518371582
2025-06-03,52.212890625
2025-06-04,52.231624603271484
2025-06-05,52.24099349975586
2025-06-06,52.484535217285156
2025-06-09,52.47517776489258
2025-06-10,52.63441467285156
2025-06-11,52.625057220458984
2025-06-12,52.86859130859375
2025-06-13,52.4939079284668
2025-06-16,52.699989318847656
2025-06-17,52.33466720581055
2025-06-18,52.212890625
2025-06-20,52.222259521484375
2025-06-23,52.578216552734375
2025-06-24,52.990379333496094
2025-06-25,52.793663024902344
2025-06-26,52.83112716674805
2025-06-27,53.074668884277344
2025-06-30,53.252647399902344
2025-07-01,53.56396484375
2025-07-02,53.59226608276367
2025-07-03,53.7337760925293
2025-07-07,53.497928619384766
2025-07-08,53.59226608276367
2025-07-09,53.62999725341797
2025-07-10,53.7337760925293
2025-07-11,53.54509353637695
2025-07-14,53.61112976074219
2025-07-15,53.262088775634766
2025-07-16,53.45076370239258
2025-07-17,53.790374755859375
2025-07-18,53.74321365356445
2025-07-21,53.62999725341797
2025-07-22,53.91300582885742
2025-07-23,53.98847579956055
2025-07-24,53.93187713623047
2025-07-25,54.07338333129883
2025-07-28,53.93187713623047
2025-07-29,53.922447204589844
2025-07-30,53.620567321777344
2025-07-31,53.28095626831055
2025-08-01,52.79487991333008
2025-08-04,53.38349151611328
2025-08-05,53.070194244384766
2025-08-06,53.1556396484375
2025-08-07,53.070194244384766
2025-08-08,53.22209548950195
2025-08-11,53.20310974121094
2025-08-12,53.487918853759766
2025-08-13,53.81071090698242
2025-08-14,53.75374984741211
2025-08-15,53.82020950317383
2025-08-18,53.867671966552734
2025-08-19,54.048057556152344
2025-08-20,54.20944595336914
2025-08-21,54.00058364868164
2025-08-22,54.465782165527344
2025-08-25,54.152488708496094
2025-08-26,54.19995880126953
2025-08-27,54.2379264831543
2025-08-28,54.29489517211914
2025-08-29,54.25691604614258
2025-09-02,54.13078689575195
2025-09-03,54.063899993896484
2025-09-04,54.235897064208984
2025-09-05,54.2550048828125
2025-09-08,54.283668518066406
2025-09-09,54.226341247558594
2025-09-10,54.36967468261719
2025-09-11,54.7041015625
2025-09-12,54.36967468261719
2025-09-15,54.29322814941406
2025-09-16,54.24545669555664
2025-09-17,54.3887825012207
2025-09-18,54.398338317871094
2025-09-19,54.33144760131836
2025-09-22,54.29322814941406
2025-09-23,54.312339782714844
2025-09-24,54.35055923461914
2025-09-25,54.13078689575195
2025-09-26,54.407894134521484
2025-09-29,54.427005767822266
2025-09-30,54.56077575683594
2025-10-01,54.667510986328125
2025-10-02,54.667510986328125
2025-10-03,54.840606689453125
2025-10-06,54.78291320800781
2025-10-07,54.68674850463867
2025-10-08,54.725215911865234
2025-10-09,54.57135772705078
2025-10-10,53.85014724731445
2025-10-13,54.379032135009766
2025-10-14,54.69636154174805
2025-10-15,54.68674850463867
2025-10-16,54.34056854248047
2025-10-17,54.67713165283203
2025-10-20,54.97523498535156
2025-10-21,55.311798095703125
2025-10-22,55.09062576293945
2025-10-23,55.25410079956055
2025-10-24,55.25410079956055
2025-10-27,55.38872528076172
2025-10-28,55.032928466796875
2025-10-29,54.715599060058594
2025-10-30,54.725215911865234
2025-10-31,54.69636154174805
2025-11-03,54.55704116821289
2025-11-04,54.55704116821289
2025-11-05,54.63444900512695
2025-11-06,54.421592712402344
2025-11-07,54.61509323120117
2025-11-10,54.87631607055664
2025-11-11,55.253639221191406
2025-11-12,55.418113708496094
2025-11-13,55.01176452636719
2025-11-14,54.89567184448242
2025-11-17,54.55704116821289
2025-11-18,54.460296630859375
2025-11-19,54.48931884765625
2025-11-20,54.03459548950195
2025-11-21,54.75054168701172
2025-11-24,54.9924201965332
2025-11-25,55.572914123535156
2025-11-26,55.795440673828125
2025-11-28,56.02763366699219
2025-12-01,55.707279205322266
2025-12-02,55.658592224121094
2025-12-03,55.970184326171875
2025-12-04,55.950714111328125
2025-12-05,55.9214973449707
2025-12-08,55.66832733154297
2025-12-09,55.52227020263672
2025-12-10,55.90202713012695
2025-12-11,56.27204132080078
2025-12-12,56.213619232177734
2025-12-15,56.25257110595703
2025-12-16,56.00913619995117
2025-12-17,55.73649215698242
2025-12-18,55.90202713012695
2025-12-19,56.02861022949219
2025-12-22,56.242828369140625
2025-12-23,56.3012580871582
2025-12-24,56.44731903076172
2025-12-26,56.49600601196289
2025-12-29,56.45705032348633
2025-12-30,56.45705032348633
2025-12-31,56.15001678466797
2026-01-02,56.22848892211914
2026-01-05,56.37563705444336
2026-01-06,56.84649658203125
2026-01-07,56.66011047363281
2026-01-08,56.934783935546875
2026-01-09,57.14078140258789
2026-01-12,57.18982696533203
2026-01-13,57.14078140258789
2026-01-14,57.229068756103516
2026-01-15,57.317352294921875
2026-01-16,57.29773712158203
2026-01-20,56.52277755737305
2026-01-21,57.0819206237793
2026-01-22,57.229068756103516
2026-01-23,57.268306732177734
2026-01-26,57.49392318725586
2026-01-27,57.474308013916016
2026-01-28,57.30754089355469
2026-01-29,57.4350700378418
2026-01-30,57.44487762451172
2026-02-02,57.646175384521484
2026-02-03,57.48829650878906
2026-02-04,57.80405807495117
2026-02-05,57.468563079833984
2026-02-06,58.3270378112793
2026-02-09,58.27770233154297
2026-02-10,58.42571258544922
2026-02-11,58.484920501708984
2026-02-12,58.22835922241211
2026-02-13,58.524391174316406
2026-02-17,58.41584396362305
2026-02-18,58.544124603271484
2026-02-19,58.47504806518555
2026-02-20,58.70200729370117
2026-02-23,58.366512298583984
2026-02-24,58.662532806396484
2026-02-25,58.72174072265625
2026-02-26,58.800682067871094
2026-02-27,59.08683776855469
2026-03-02,58.93894577026367
2026-03-03,58.39303207397461
2026-03-04,58.64117431640625
2026-03-05,58.18458938598633
2026-03-06,57.65852737426758
2026-03-09,57.946372985839844
2026-03-10,57.757781982421875
2026-03-11,57.52949142456055
2026-03-12,56.75528335571289
2026-03-13,56.66595458984375
2026-03-16,57.16223907470703
2026-03-17,57.27142333984375
2026-03-18,56.348331451416016
2026-03-19,56.25899887084961
2026-03-20,55.67338180541992
2026-03-23,56.15974426269531
2026-03-24,56.139892578125
2026-03-25,56.30862808227539
2026-03-26,55.77263641357422
2026-03-27,55.13739013671875
2026-03-30,55.23664855957031
2026-03-31,56.25899887084961
2026-04-01,56.40999984741211
2026-04-02,56.45000076293945
2026-04-06,56.70000076293945
2026-04-07,56.52000045776367
2026-04-08,57.61000061035156
2026-04-09,57.79999923706055
2026-04-10,57.540000915527344
2026-04-13,57.86000061035156
2026-04-14,57.84000015258789
2026-04-15,57.61000061035156
2026-04-16,57.59000015258789
2026-04-17,57.790000915527344
