,SCHG
2021-06-22,99.33905818361846
2021-06-23,99.79170009734074
2021-06-24,100.680302179057
2021-06-25,100.4691777353279
2021-06-28,98.04219287880574
2021-06-29,98.09487952693566
2021-06-30,98.20469157571634
2021-07-01,98.01856607768606
2021-07-02,97.18192436006444
2021-07-05,95.6224261838093
2021-07-06,94.03475830136159
2021-07-07,94.14404953049154
2021-07-08,93.96494997640178
2021-07-09,95.69908833448034
2021-07-12,94.64287458787555
2021-07-13,94.80536728132148
2021-07-14,95.96805630086126
2021-07-15,95.78122484311021
2021-07-16,96.14388962643093
2021-07-19,96.89950701978509
2021-07-20,98.19433713616841
2021-07-21,97.96254505214347
2021-07-22,98.23340394595976
2021-07-23,97.97477562966374
2021-07-26,97.01444827693498
2021-07-27,98.01858090895652
2021-07-28,97.66204162265772
2021-07-29,96.99642797260886
2021-07-30,98.14181456466198
2021-08-02,97.87212798118439
2021-08-03,97.11931656097784
2021-08-04,98.51149229294126
2021-08-05,95.74422222194258
2021-08-06,95.79559939523071
2021-08-09,95.69494164770589
2021-08-10,96.13833350246875
2021-08-11,94.97246599229486
2021-08-12,95.78515163340069
2021-08-13,94.96840594973357
2021-08-16,96.38594888437905
2021-08-17,95.9129829874971
2021-08-18,99.06248696882426
2021-08-19,97.8866629117648
2021-08-20,97.83703534265076
2021-08-23,97.55436399919826
2021-08-24,98.62209612323551
2021-08-25,98.55069663659127
2021-08-26,97.81344864210102
2021-08-27,98.69304672830657
2021-08-30,100.25142939812383
2021-08-31,101.48138314730288
2021-09-01,103.1968736219099
2021-09-02,102.33415497802592
2021-09-03,101.05301978171524
2021-09-06,100.72913844076143
2021-09-07,100.71418221068906
2021-09-08,100.58434214734517
2021-09-09,99.77300193789789
2021-09-10,99.47010593649786
2021-09-13,99.34017138345659
2021-09-14,99.67527194695275
2021-09-15,98.47552169758768
2021-09-16,99.8412990060278
2021-09-17,98.03818475571546
2021-09-20,98.29452406583647
2021-09-21,99.03601001100785
2021-09-22,99.12512595651533
2021-09-23,99.2357725699026
2021-09-24,99.35139904147948
2021-09-27,98.09153427886163
2021-09-28,98.17997941146322
2021-09-29,96.71070505491116
2021-09-30,97.13329804292115
2021-10-01,96.30650446561032
2021-10-04,93.88691429148523
2021-10-05,93.50461982957582
2021-10-06,93.41170164275897
2021-10-07,94.31000250178866
2021-10-08,94.88649107303127
2021-10-11,95.07923332694348
2021-10-12,94.29236223119013
2021-10-13,93.86533008176569
2021-10-14,94.20830798815382
2021-10-15,94.03777078900048
2021-10-18,96.26715281981446
2021-10-19,95.96631448043004
2021-10-20,95.76271934343292
2021-10-21,94.02776357584052
2021-10-22,92.17495294803629
2021-10-25,93.815026980338
2021-10-26,93.57074781055042
2021-10-27,93.10431102279878
2021-10-28,93.75043345498463
2021-10-29,93.76228355865844
2021-11-01,94.5338048278465
2021-11-02,93.52033090480609
2021-11-03,93.19732768029372
2021-11-04,92.88776106469648
2021-11-05,92.25370891484107
2021-11-08,91.57032294228026
2021-11-09,91.90760613260346
2021-11-10,90.56145689360063
2021-11-11,91.6684488409492
2021-11-12,91.67066768943492
2021-11-15,92.15435883629452
2021-11-16,92.90848149400476
2021-11-17,93.76806044615913
2021-11-18,95.19282083691317
2021-11-19,95.88612816580816
2021-11-22,97.66904899300282
2021-11-23,98.44704795544229
2021-11-24,97.69656051886412
2021-11-25,97.11809543440772
2021-11-26,97.16621917212237
2021-11-29,98.68810900583445
2021-11-30,99.64715698235341
2021-12-01,100.29689325834994
2021-12-02,100.69074501267252
2021-12-03,102.36264592956601
2021-12-06,102.58975593182842
2021-12-07,103.75037769667266
2021-12-08,103.4680106689231
2021-12-09,103.16210303315995
2021-12-10,102.51349586006793
2021-12-13,102.78277756233372
2021-12-14,102.53674913991398
2021-12-15,103.24436188840498
2021-12-16,104.02947609705578
2021-12-17,102.45023394641353
2021-12-20,103.28667288654889
2021-12-21,105.07104789520218
2021-12-22,103.80687574161642
2021-12-23,104.0483516595466
2021-12-24,102.35905775128855
2021-12-27,102.82176514652815
2021-12-28,101.48275449962362
2021-12-29,99.43221287299218
2021-12-30,99.86470087389878
2021-12-31,100.88705745707252
2022-01-03,101.77706039820077
2022-01-04,103.70772009575965
2022-01-05,104.38055085017224
2022-01-06,104.0255989924929
2022-01-07,102.54184933434654
2022-01-10,100.7667707897773
2022-01-11,100.76052404307218
2022-01-12,100.42516731737867
2022-01-13,98.12119881873915
2022-01-14,97.11821787000667
2022-01-17,96.50077880083714
2022-01-18,98.8927028280604
2022-01-19,99.81902797383736
2022-01-20,98.07069878069595
2022-01-21,96.79025290790061
2022-01-24,94.81007916483935
2022-01-25,95.91213491100783
2022-01-26,96.58408739712903
2022-01-27,95.47852667579073
2022-01-28,95.29482020419692
2022-01-31,94.04389296873809
2022-02-01,95.2217501179556
2022-02-02,94.5986887854072
2022-02-03,94.38890393163102
2022-02-04,92.05715881169364
2022-02-07,90.24771807699929
2022-02-08,90.06901300932797
2022-02-09,88.92810927058188
2022-02-10,87.97365181828897
2022-02-11,87.84792360751835
2022-02-14,87.80823425114234
2022-02-15,88.23147068167982
2022-02-16,88.39020255847016
2022-02-17,88.40667980188795
2022-02-18,86.97313457687211
2022-02-21,87.47590248798683
2022-02-22,86.78898241283183
2022-02-23,88.28857255838598
2022-02-24,88.03953630532443
2022-02-25,88.89095984408381
2022-02-28,88.17537103529719
2022-03-01,87.66170357170343
2022-03-02,87.40870840583266
2022-03-03,88.02084150205324
2022-03-04,89.29964914508682
2022-03-07,89.33950842174654
2022-03-08,88.90722137821491
2022-03-09,89.42887191434664
2022-03-10,89.2802930601448
2022-03-11,89.30754918880469
2022-03-14,91.52635786283042
2022-03-15,91.39780836415326
2022-03-16,91.54285514308195
2022-03-17,90.54585596017333
2022-03-18,90.41352551317952
2022-03-21,91.93158365107145
2022-03-22,92.14859599766352
2022-03-23,92.11333550476704
2022-03-24,92.25358214074791
2022-03-25,92.9210923044876
2022-03-28,90.72969632961872
2022-03-29,90.8276475836372
2022-03-30,90.49176609610527
2022-03-31,90.44532842742868
2022-04-01,91.73406967455156
2022-04-04,91.99904467324849
2022-04-05,92.1276893867272
2022-04-06,92.40335350954008
2022-04-07,92.29509678347799
2022-04-08,91.13290998756489
2022-04-11,89.56397169332591
2022-04-12,88.69577569247495
2022-04-13,89.48715916820242
2022-04-14,89.08351211305539
2022-04-15,87.84172592493744
2022-04-18,88.9638382270703
2022-04-19,87.70706796912158
2022-04-20,86.94618993265517
2022-04-21,85.4856444375774
2022-04-22,83.97216792201905
2022-04-25,84.27207348509226
2022-04-26,84.99950933537887
2022-04-27,82.94310681757072
2022-04-28,84.8434948236362
2022-04-29,85.51150138562538
2022-05-02,85.63316398774478
2022-05-03,84.81972327880644
2022-05-04,84.926321829495
2022-05-05,85.78886096627726
2022-05-06,84.5421805362368
2022-05-09,85.64174664078672
2022-05-10,85.58987596505148
2022-05-11,84.99269029645326
2022-05-12,84.5771886990881
2022-05-13,86.06959240811256
2022-05-16,84.47458334969792
2022-05-17,85.43999758962258
2022-05-18,85.03363837334228
2022-05-19,85.5408634582223
2022-05-20,84.66027891300956
2022-05-23,86.61936443405389
2022-05-24,88.20321889482808
2022-05-25,87.8305821972192
2022-05-26,89.20409642512581
2022-05-27,89.80041341669734
2022-05-30,91.48143375231805
2022-05-31,90.89017861484467
2022-06-01,91.34527451621649
2022-06-02,91.71081306483568
2022-06-03,92.44018846368144
2022-06-06,92.1885000217698
2022-06-07,91.65906414779097
2022-06-08,92.32443322790483
2022-06-09,93.618190712358
2022-06-10,92.81898303579136
2022-06-13,92.67930453998537
2022-06-14,92.2945942795758
2022-06-15,89.50642064508695
2022-06-16,89.40636890432924
2022-06-17,90.07638170071654
2022-06-20,89.6949718111901
2022-06-21,89.72296579074386
2022-06-22,90.07878566416146
2022-06-23,90.75597913473769
2022-06-24,89.7269521122217
2022-06-27,90.43971213694162
2022-06-28,89.94615347905362
2022-06-29,89.3208036957936
2022-06-30,89.41955262376614
2022-07-01,88.08469982930934
2022-07-04,88.97270088343295
2022-07-05,88.6740327584457
2022-07-06,87.3844082153193
2022-07-07,87.31595917778576
2022-07-08,89.15344409362879
2022-07-11,89.62085708964082
2022-07-12,89.68622812696255
2022-07-13,90.65279048048302
2022-07-14,89.84699745527286
2022-07-15,89.95269614178457
2022-07-18,89.47183293549575
2022-07-19,90.19338952955864
2022-07-20,90.16188174603775
2022-07-21,89.35159007026527
2022-07-22,91.13315878093734
2022-07-25,92.24668694208079
2022-07-26,92.38066618614346
2022-07-27,93.24290578521118
2022-07-28,93.95383451308864
2022-07-29,95.23232406495275
2022-08-01,94.09342961273806
2022-08-02,94.8837732383142
2022-08-03,96.03852227543071
2022-08-04,96.36633484469121
2022-08-05,97.57614953755287
2022-08-08,98.11833224885366
2022-08-09,96.52320118173824
2022-08-10,95.42128798777475
2022-08-11,95.03694515923057
2022-08-12,95.27144394176443
2022-08-15,94.683395868586
2022-08-16,95.00556086466364
2022-08-17,95.31790610035938
2022-08-18,94.50847394160688
2022-08-19,94.15915939029185
2022-08-22,95.81570204898114
2022-08-23,95.03416123251482
2022-08-24,96.30833590735746
2022-08-25,97.71838472671907
2022-08-26,97.29199346883607
2022-08-29,97.64894246521456
2022-08-30,99.45530515701147
2022-08-31,98.09624341404441
2022-09-01,98.19519376543002
2022-09-02,99.64649297795529
2022-09-05,99.76151481363253
2022-09-06,100.11316417884429
2022-09-07,102.17363047354242
2022-09-08,103.18660823828736
2022-09-09,104.90161003583414
2022-09-12,103.61718934447003
2022-09-13,103.3719865303474
2022-09-14,104.40208048391099
2022-09-15,105.99831505685493
2022-09-16,105.7238034451677
2022-09-19,105.57071050678783
2022-09-20,105.1106610334208
2022-09-21,104.61932832032336
2022-09-22,104.24823118315109
2022-09-23,105.18061441666941
2022-09-26,105.85387516276694
2022-09-27,105.79450571350681
2022-09-28,106.5026590061744
2022-09-29,106.99788464000419
2022-09-30,106.67882073431385
2022-10-03,108.36136010485595
2022-10-04,108.66704069737823
2022-10-05,108.92486959633267
2022-10-06,109.30533476632647
2022-10-07,109.67557134278232
2022-10-10,109.38923743497564
2022-10-11,110.12288786705213
2022-10-12,109.59064036616356
2022-10-13,110.40832535335394
2022-10-14,111.30714497078802
2022-10-17,110.38138827289201
2022-10-18,111.08592958323484
2022-10-19,110.70267300303487
2022-10-20,110.46381883395986
2022-10-21,109.55400959953172
2022-10-24,109.54329732639437
2022-10-25,109.67827564459058
2022-10-26,107.90027920526761
2022-10-27,109.33358662592094
2022-10-28,111.14182868920165
2022-10-31,110.10230291302507
2022-11-01,107.90081595244534
2022-11-02,110.13626269825023
2022-11-03,109.52300646179454
2022-11-04,108.96146944978344
2022-11-07,109.78361208956886
2022-11-08,111.70625732158742
2022-11-09,110.04859725473987
2022-11-10,111.93495970595218
2022-11-11,111.49144231979608
2022-11-14,114.22650498589294
2022-11-15,116.45478192785312
2022-11-16,116.67102414750299
2022-11-17,114.32434783916013
2022-11-18,114.77203233736279
2022-11-21,115.60164112971809
2022-11-22,115.04508329602561
2022-11-23,115.49791463008192
2022-11-24,118.97532446731766
2022-11-25,119.82600180839708
2022-11-28,120.06040284136581
2022-11-29,119.17462344625103
2022-11-30,120.86773645715425
2022-12-01,120.42031626959067
2022-12-02,119.07356136188369
2022-12-05,118.25739773440655
2022-12-06,120.04864776817068
2022-12-07,119.145809064276
2022-12-08,119.18790688454392
2022-12-09,118.39498437259506
2022-12-12,115.32855191990738
2022-12-13,115.87435451210794
2022-12-14,114.7878241084924
2022-12-15,114.14071566783484
2022-12-16,113.42608627516222
2022-12-19,113.86830702471333
2022-12-20,115.07726179951064
2022-12-21,114.90716508710604
2022-12-22,114.70167504854992
2022-12-23,111.95880067065542
2022-12-26,112.22394825648814
2022-12-27,112.34108150085649
2022-12-28,111.05895692088662
2022-12-29,113.66290061216866
2022-12-30,111.42913381214142
2023-01-02,111.75924300644049
2023-01-03,112.34470292370816
2023-01-04,110.46290605171316
2023-01-05,111.76100823135138
2023-01-06,113.23325825135757
2023-01-09,112.84632942783752
2023-01-10,112.05213924147589
2023-01-11,110.8350689407927
2023-01-12,110.19914569585936
2023-01-13,109.40577237176261
2023-01-16,109.80141639437768
2023-01-17,110.69823831223249
2023-01-18,113.49764754242604
2023-01-19,112.8593594932883
2023-01-20,114.87763347386397
2023-01-23,113.7365196290989
2023-01-24,113.57860567806266
2023-01-25,113.65070356250189
2023-01-26,113.03584261276612
2023-01-27,112.66370145960376
2023-01-30,112.2737853929678
2023-01-31,112.8060321689414
2023-02-01,112.8477406620638
2023-02-02,111.18542803542549
2023-02-03,110.6252908700559
2023-02-06,111.09410264636217
2023-02-07,111.43485602383771
2023-02-08,112.60993261934532
2023-02-09,114.64256587742838
2023-02-10,113.14568711337225
2023-02-13,113.33116060373439
2023-02-14,113.25927972146701
2023-02-15,112.3755035049819
2023-02-16,113.61865661521821
2023-02-17,113.95956159233465
2023-02-20,113.64474990805972
2023-02-21,111.98289580278693
2023-02-22,113.98694475323599
2023-02-23,113.55981848467714
2023-02-24,113.03163978445572
2023-02-27,114.19227095575526
2023-02-28,114.852206667117
2023-03-01,113.6852033176589
2023-03-02,114.98511784094482
2023-03-03,113.55470616402172
2023-03-06,113.81766938505737
2023-03-07,113.81741261196505
2023-03-08,111.74404242673597
2023-03-09,112.9899344440609
2023-03-10,112.24861611023145
2023-03-13,111.6656306090772
2023-03-14,113.71227620198158
2023-03-15,113.42108989043192
2023-03-16,115.5287026105673
2023-03-17,116.59230730786732
2023-03-20,115.07347301633234
2023-03-21,113.0975077869768
2023-03-22,114.1534222591184
2023-03-23,116.6852156308557
2023-03-24,117.50513587728351
2023-03-27,118.73672188887558
2023-03-28,117.23947628652358
2023-03-29,117.5824468667031
2023-03-30,117.81033155199982
2023-03-31,119.15545518629635
2023-04-03,118.33849524302005
2023-04-04,118.55892695370972
2023-04-05,119.17718702631981
2023-04-06,122.0267702654823
2023-04-07,122.03781538631004
2023-04-10,124.88429959816271
2023-04-11,125.40491474745407
2023-04-12,125.82516506420802
2023-04-13,128.1990763539922
2023-04-14,129.95848828406344
2023-04-17,131.25303345106266
2023-04-18,128.42552376702753
2023-04-19,127.74021668942575
2023-04-20,129.34385497650837
2023-04-21,131.18185420094633
2023-04-24,130.99571850063396
2023-04-25,129.0260124072814
2023-04-26,128.39760881002914
2023-04-27,128.5035373265673
2023-04-28,127.70630443269862
2023-05-01,128.7636417218045
2023-05-02,127.49821954477571
2023-05-03,126.67397155120955
2023-05-04,128.87406598494204
2023-05-05,127.24347435233557
2023-05-08,127.71283047100816
2023-05-09,126.98096006859407
2023-05-10,127.17260705634492
2023-05-11,125.92600144759687
2023-05-12,124.02372392868281
2023-05-15,125.63560724921237
2023-05-16,127.71096559882906
2023-05-17,128.63565394390363
2023-05-18,128.77663017043736
2023-05-19,131.84347836424146
2023-05-22,131.98895673003364
2023-05-23,128.88225283764217
2023-05-24,131.2644076289694
2023-05-25,132.02588708508156
2023-05-26,130.973843459543
2023-05-29,129.56853043740443
2023-05-30,131.34207144559025
2023-05-31,131.23175525747962
2023-06-01,130.40489516106675
2023-06-02,129.80310145404795
2023-06-05,131.37897322785366
2023-06-06,130.7084802695454
2023-06-07,128.96206345780874
2023-06-08,129.1097118361896
2023-06-09,127.90582418693776
2023-06-12,128.96707415648908
2023-06-13,126.87676790051204
2023-06-14,129.30657213479108
2023-06-15,129.13542618625704
2023-06-16,130.21286098011896
2023-06-19,129.30626539303685
2023-06-20,126.95826023020105
2023-06-21,127.13981371253477
2023-06-22,129.76785416888356
2023-06-23,132.23884121985597
2023-06-26,133.9357155685053
2023-06-27,136.5424603533273
2023-06-28,139.10803996035756
2023-06-29,138.77036853787413
2023-06-30,140.48769008877883
2023-07-03,139.7233722467774
2023-07-04,136.92524019769812
2023-07-05,135.86807503831298
2023-07-06,138.785957201595
2023-07-07,140.60274615320571
2023-07-10,141.29481161668542
2023-07-11,141.0090383680473
2023-07-12,141.02857859082883
2023-07-13,140.13107509378216
2023-07-14,137.0885236554991
2023-07-17,138.47972427724972
2023-07-18,138.5336027765257
2023-07-19,138.42653426565047
2023-07-20,138.60932648524184
2023-07-21,136.61796284745108
2023-07-24,136.8927944816173
2023-07-25,135.3727617527937
2023-07-26,133.13235443560885
2023-07-27,133.43712618997725
2023-07-28,132.65245978891537
2023-07-31,133.2706366645415
2023-08-01,134.2568410545903
2023-08-02,132.9543868901691
2023-08-03,131.64720551339323
2023-08-04,133.22823693554446
2023-08-07,133.32827663392376
2023-08-08,131.74332308721216
2023-08-09,132.52418368345639
2023-08-10,133.10784498527
2023-08-11,134.9227528409708
2023-08-14,135.01754362745422
2023-08-15,134.83332276453984
2023-08-16,135.5981809868464
2023-08-17,135.4776978286937
2023-08-18,134.7172372965063
2023-08-21,133.4856349993379
2023-08-22,132.42812058156105
2023-08-23,133.69259943974285
2023-08-24,135.46263624263767
2023-08-25,134.426191192437
2023-08-28,133.31741524351642
2023-08-29,133.1059962774035
2023-08-30,131.8553294855877
2023-08-31,131.70514153031579
2023-09-01,130.2298779643352
2023-09-04,129.75892779772576
2023-09-05,130.37772481879855
2023-09-06,129.55466464509507
2023-09-07,129.80862396595805
2023-09-08,131.4101538196359
2023-09-11,131.2452783060712
2023-09-12,130.82112203540294
2023-09-13,130.15250454924222
2023-09-14,127.38919858231519
2023-09-15,125.9672832947667
2023-09-18,127.18334907006323
2023-09-19,127.70645401672247
2023-09-20,127.46107140233171
2023-09-21,127.47942123142812
2023-09-22,125.11203414937404
2023-09-25,125.13991008819663
2023-09-26,123.0292604723775
2023-09-27,124.97167737535955
2023-09-28,124.49768023404543
2023-09-29,126.0623975606701
2023-10-02,127.61996827590505
2023-10-03,127.20707579117088
2023-10-04,130.54340666563058
2023-10-05,131.7970158795133
2023-10-06,131.24330037432813
2023-10-09,127.9613506751351
2023-10-10,127.9621197400059
2023-10-11,129.0289391391853
2023-10-12,131.1580889092473
2023-10-13,130.85618554091056
2023-10-16,129.16341879907426
2023-10-17,126.68399004821353
2023-10-18,125.74509862655616
2023-10-19,125.78466335820669
2023-10-20,125.18962328938063
2023-10-23,126.993571813422
2023-10-24,128.88007692242638
2023-10-25,128.02098467118455
2023-10-26,126.92729566040126
2023-10-27,126.13010950664054
2023-10-30,127.96567265380014
2023-10-31,129.10469532285035
2023-11-01,128.3895221076832
2023-11-02,129.17546243908257
2023-11-03,130.54141687683318
2023-11-06,130.87885915129777
2023-11-07,130.4334647807007
2023-11-08,127.95104126737426
2023-11-09,127.0318725708153
2023-11-10,126.39498909641141
2023-11-13,127.07904480832732
2023-11-14,128.72932578908248
2023-11-15,128.82024131761867
2023-11-16,130.49540184127676
2023-11-17,131.34442075266966
2023-11-20,131.49736422274765
2023-11-21,132.87135348481846
2023-11-22,133.32261593296255
2023-11-23,135.94414742016062
2023-11-24,138.41966433909835
2023-11-27,138.8749653577882
2023-11-28,140.46541321048196
2023-11-29,141.09863960193485
2023-11-30,143.1531159449564
2023-12-01,142.41003822429965
2023-12-04,144.14544705640702
2023-12-05,146.13379516377842
2023-12-06,143.55924857060657
2023-12-07,143.8964625727452
2023-12-08,145.00104351359724
2023-12-11,147.30081524338323
2023-12-12,144.92247018730907
2023-12-13,144.9385593783708
2023-12-14,147.34173186270075
2023-12-15,146.5049198789649
2023-12-18,148.8588246525116
2023-12-19,152.689769088648
2023-12-20,155.05987080673535
2023-12-21,153.58864509929194
2023-12-22,155.82934025393234
2023-12-25,156.64264769918427
2023-12-26,156.87978116907072
2023-12-27,157.74303478071516
2023-12-28,162.90417933345708
2023-12-29,162.7533084523412
2024-01-01,160.6578424525212
2024-01-02,161.79241076207794
2024-01-03,162.30499542982656
2024-01-04,161.64222383895734
2024-01-05,160.97951205972186
2024-01-08,157.22498147089237
2024-01-09,158.5206089958992
2024-01-10,157.5838133081052
2024-01-11,157.35645809293695
2024-01-12,155.678869528609
2024-01-15,157.30926996370346
2024-01-16,157.71794109005558
2024-01-17,157.75107920309307
2024-01-18,159.31954697908543
2024-01-19,157.45116237002114
2024-01-22,159.20320927002797
2024-01-23,160.34414840854518
2024-01-24,162.45663258787334
2024-01-25,162.1882941259711
2024-01-26,159.65766149754958
2024-01-29,158.6435388596476
2024-01-30,158.92965481098753
2024-01-31,159.50451380857743
2024-02-01,159.75581935011613
2024-02-02,160.67869491790051
2024-02-05,160.82591933479716
2024-02-06,160.21131034706545
2024-02-07,160.3936556131908
2024-02-08,160.06107871508036
2024-02-09,158.2373703837375
2024-02-12,159.781389024846
2024-02-13,155.49253322101308
2024-02-14,153.94954773472352
2024-02-15,151.14652766601807
2024-02-16,151.13285846695337
2024-02-19,149.57983409581283
2024-02-20,148.85079198328455
2024-02-21,149.81856859059553
2024-02-22,151.38416581928416
2024-02-23,153.43553186536062
2024-02-26,154.54041321258006
2024-02-27,154.7427224634269
2024-02-28,154.87303077170378
2024-02-29,156.12234567851326
2024-03-01,153.9022820100453
2024-03-04,151.74090221765942
2024-03-05,151.66954344662548
2024-03-06,148.7725949636373
2024-03-07,148.06889337818257
2024-03-08,147.49762657283915
2024-03-11,145.9210556943413
2024-03-12,148.93416924273913
2024-03-13,146.89287076071733
2024-03-14,148.49977869142168
2024-03-15,146.3429858896123
2024-03-18,143.62780189842573
2024-03-19,142.2629871917692
2024-03-20,142.353753603563
2024-03-21,140.8389311427202
2024-03-22,141.6180785314569
2024-03-25,142.0815339659347
2024-03-26,142.1974478600272
2024-03-27,141.81928007275627
2024-03-28,142.8030834824676
2024-03-29,139.85445648127603
2024-04-01,138.5296869891678
2024-04-02,138.64269613480224
2024-04-03,138.98865917711228
2024-04-04,138.77075896616577
2024-04-05,139.78780912475463
2024-04-08,140.20962914341908
2024-04-09,139.15952614461105
2024-04-10,141.6286694154869
2024-04-11,143.86569376945963
2024-04-12,144.22572120504478
2024-04-15,140.59000124124344
2024-04-16,138.66145717724817
2024-04-17,138.0544381368083
2024-04-18,139.47061937813842
2024-04-19,139.30834168612537
2024-04-22,143.301940514379
2024-04-23,145.40066118263286
2024-04-24,142.4113316065666
2024-04-25,142.7913836083554
2024-04-26,140.8757077937036
2024-04-29,142.84174546563992
2024-04-30,139.4001020511885
2024-05-01,142.2776657608428
2024-05-02,142.16885160782516
2024-05-03,141.07192729715482
2024-05-06,142.84235910631446
2024-05-07,141.94805379276855
2024-05-08,142.27690339885294
2024-05-09,140.50515483962977
2024-05-10,142.3153459910585
2024-05-13,141.83681370191283
2024-05-14,140.90275861034576
2024-05-15,139.76583044694067
2024-05-16,139.37610460042248
2024-05-17,138.31771026486322
2024-05-20,138.30325993684488
2024-05-21,136.63268045411644
2024-05-22,136.30796021946307
2024-05-23,137.96786390118652
2024-05-24,137.15574996859218
2024-05-27,139.79445972816188
2024-05-28,138.2369391901601
2024-05-29,138.73334720916847
2024-05-30,137.730534468209
2024-05-31,139.2850119740374
2024-06-03,136.58189060355846
2024-06-04,135.08896970922765
2024-06-05,130.8074898495662
2024-06-06,132.43207495289573
2024-06-07,131.12174039496023
2024-06-10,130.8367308028923
2024-06-11,133.54727601889132
2024-06-12,130.19642842415988
2024-06-13,130.29480786290364
2024-06-14,129.20866543172974
2024-06-17,128.9960999482083
2024-06-18,128.331238599143
2024-06-19,125.26565340586771
2024-06-20,126.83051757577937
2024-06-21,126.12924352594692
2024-06-24,126.69064462771512
2024-06-25,127.80262621128475
2024-06-26,125.82170189014685
2024-06-27,124.08659223152247
2024-06-28,123.91049982572105
2024-07-01,123.72170730636773
2024-07-02,126.19995462672044
2024-07-03,128.52689677312043
2024-07-04,128.76889335187886
2024-07-05,129.30520744299335
2024-07-08,130.70152696745765
2024-07-09,132.7484983454956
2024-07-10,136.90560600987416
2024-07-11,139.28782596311336
2024-07-12,140.85295587755058
2024-07-15,140.33155302488757
2024-07-16,141.70409823166122
2024-07-17,140.90585107689546
2024-07-18,140.60939156276925
2024-07-19,141.75289471287527
2024-07-22,141.94393121533972
2024-07-23,141.39267590322524
2024-07-24,141.3314770449988
2024-07-25,141.8680607578184
2024-07-26,142.09124966552963
2024-07-29,144.21209313935174
2024-07-30,145.61989279414723
2024-07-31,142.67822856799026
2024-08-01,140.72872182703628
2024-08-02,141.29586657779043
2024-08-05,142.58216884132867
2024-08-06,141.96605062256367
2024-08-07,145.00837521258794
2024-08-08,143.88655433258336
2024-08-09,142.3506667039421
2024-08-12,144.43386353082715
2024-08-13,142.93071822289826
2024-08-14,143.522527545256
2024-08-15,142.1146849746174
2024-08-16,140.14881039572046
2024-08-19,137.86775701203499
2024-08-20,136.71532420684193
2024-08-21,135.28176998924394
2024-08-22,135.12207201102052
2024-08-23,136.01148821812353
2024-08-26,135.78568771128306
2024-08-27,136.9095266440542
2024-08-28,140.3633357854093
2024-08-29,140.8995173968399
2024-08-30,142.4925669391403
2024-09-02,141.42175856370358
2024-09-03,142.24549120591504
2024-09-04,141.0787527934103
2024-09-05,142.43798729590347
2024-09-06,142.69366926000885
2024-09-09,144.0547965075887
2024-09-10,145.51601646201442
2024-09-11,148.6408296283714
2024-09-12,150.96288930429412
2024-09-13,151.1693984066298
2024-09-16,151.3693088951966
2024-09-17,151.48417546946214
2024-09-18,150.28892171371328
2024-09-19,150.10504830707615
2024-09-20,153.18224916932428
2024-09-23,151.05372828352023
2024-09-24,150.31522748775475
2024-09-25,150.65490004479557
2024-09-26,149.97491407478526
2024-09-27,151.82856901213307
2024-09-30,151.95472648345103
2024-10-01,150.82341759931418
2024-10-02,148.28228058053705
2024-10-03,147.6437278490281
2024-10-04,147.13893620989094
2024-10-07,145.9876393473143
2024-10-08,146.62742540909963
2024-10-09,146.6132658365235
2024-10-10,143.38356988182377
2024-10-11,144.15509926716538
2024-10-14,140.77250252529473
2024-10-15,141.6787266992767
2024-10-16,143.3632150729659
2024-10-17,143.1004510533113
2024-10-18,146.10631009611518
2024-10-21,148.91346237285242
2024-10-22,150.49083147480872
2024-10-23,151.5775926786522
2024-10-24,150.2785528241263
2024-10-25,149.43318306587986
2024-10-28,150.40459873440147
2024-10-29,151.946014388031
2024-10-30,151.8319356294303
2024-10-31,151.0815889157011
2024-11-01,149.03581082674313
2024-11-04,152.18785745794577
2024-11-05,150.1994556769925
2024-11-06,146.8021043219839
2024-11-07,147.0387830468225
2024-11-08,147.87335446479102
2024-11-11,149.2877640270555
2024-11-12,149.09863674567382
2024-11-13,148.56726141737784
2024-11-14,150.8178078834376
2024-11-15,150.0000136285993
2024-11-18,151.4820068401433
2024-11-19,151.06982031122433
2024-11-20,151.8106638000849
2024-11-21,152.25780657223135
2024-11-22,151.55614447785496
2024-11-25,153.1605475413864
2024-11-26,152.46712171067412
2024-11-27,150.8128949872194
2024-11-28,152.33873894616084
2024-11-29,151.94659165269934
2024-12-02,150.26091201864546
2024-12-03,149.36768765837678
2024-12-04,148.4732018756046
2024-12-05,147.2450651847059
2024-12-06,147.21035110474742
2024-12-09,147.58780993277253
2024-12-10,149.34825045412873
2024-12-11,151.80416501946056
2024-12-12,153.1345175860519
2024-12-13,153.63149796167988
2024-12-16,153.32187577932297
2024-12-17,154.2991363762576
2024-12-18,157.1991709493551
2024-12-19,157.87022460861323
2024-12-20,158.46939171524025
2024-12-23,158.6787539379191
2024-12-24,157.36513171716518
2024-12-25,156.91936716615857
2024-12-26,158.4769676578086
2024-12-27,160.96097964468206
2024-12-30,161.66016784803682
2024-12-31,162.40729239730422
2025-01-01,161.09745486271834
2025-01-02,162.138225274633
2025-01-03,163.845531982379
2025-01-06,160.62668438430157
2025-01-07,157.52578316083608
2025-01-08,156.99803672188435
2025-01-09,160.72280621448772
2025-01-10,161.31793150953965
2025-01-13,158.1171830837071
2025-01-14,159.71746134883085
2025-01-15,159.06663513803153
2025-01-16,156.99475336637855
2025-01-17,155.15980822136063
2025-01-20,153.55277680322274
2025-01-21,156.5401283958164
2025-01-22,157.75122944701332
2025-01-23,160.9867467718958
2025-01-24,163.46357888516286
2025-01-27,162.16917639447354
2025-01-28,165.38137343737705
2025-01-29,166.36368246506487
2025-01-30,169.5775724863112
2025-01-31,169.8090847501338
2025-02-03,166.70151391805808
2025-02-04,168.3268982357077
2025-02-05,167.8075957625073
2025-02-06,164.95586629888226
2025-02-07,165.78194515088774
2025-02-10,169.8609536467849
2025-02-11,167.73704546711235
2025-02-12,168.66272359504865
2025-02-13,165.84042606965787
2025-02-14,167.78358529765023
2025-02-17,167.70005186657093
2025-02-18,166.4411377866666
2025-02-19,170.25520059162048
2025-02-20,169.27915206721408
2025-02-21,172.74504135452767
2025-02-24,170.62994864180249
2025-02-25,172.11171748610428
2025-02-26,170.69027155387863
2025-02-27,172.9499880211629
2025-02-28,173.4555609400534
2025-03-03,174.30013681875823
2025-03-04,175.92450113583178
2025-03-05,176.76654550838217
2025-03-06,178.17890938962807
2025-03-07,180.79174078789987
2025-03-10,181.73641230393622
2025-03-11,184.45898292869072
2025-03-12,186.73558352060445
2025-03-13,189.99907613971305
2025-03-14,188.67714171442006
2025-03-17,189.72854144164936
2025-03-18,187.86693762919919
2025-03-19,188.43092760124625
2025-03-20,191.86165336096136
2025-03-21,192.3991780743986
2025-03-24,193.8375736828589
2025-03-25,194.58745543147455
2025-03-26,191.18990746889494
2025-03-27,189.09930585478807
2025-03-28,188.1927105010444
2025-03-31,189.644739134267
2025-04-01,191.26411854315967
2025-04-02,191.41460911492405
2025-04-03,189.37018889536682
2025-04-04,191.08290505114795
2025-04-07,189.7250976736557
2025-04-08,187.84633680109687
2025-04-09,191.7359591641382
2025-04-10,191.97685019024772
2025-04-11,192.2262925929075
2025-04-14,189.42119380187904
2025-04-15,189.55329456246773
2025-04-16,189.5948085969009
2025-04-17,189.80952158153372
2025-04-18,190.3791521901874
2025-04-21,190.71073856916968
2025-04-22,191.23626083671047
2025-04-23,192.76356953211786
2025-04-24,189.25957792848186
2025-04-25,188.00075203119218
2025-04-28,186.25949034227446
2025-04-29,187.44195498967372
2025-04-30,187.70339553649228
2025-05-01,185.82742237596173
2025-05-02,186.2247420828896
2025-05-05,184.83462090578254
2025-05-06,182.8116099239836
2025-05-07,184.07852702908764
2025-05-08,182.27266022849378
2025-05-09,180.71663353915852
2025-05-12,176.88456763753
2025-05-13,175.26594749691247
2025-05-14,173.36487332496304
2025-05-15,175.31184257214386
2025-05-16,174.31015638343754
2025-05-19,177.08997265750926
2025-05-20,176.26803118210438
2025-05-21,177.17037486348403
2025-05-22,177.66727369206163
2025-05-23,179.54324652168842
2025-05-26,178.25432131738128
2025-05-27,179.98263995708993
2025-05-28,180.804043455978
2025-05-29,181.11261066484133
2025-05-30,179.85788667469294
2025-06-02,182.55402272426034
2025-06-03,185.097459976646
2025-06-04,185.49226353191654
2025-06-05,187.36709083388214
2025-06-06,186.1855634025422
2025-06-09,188.10406366805836
2025-06-10,185.93568704227025
2025-06-11,185.64184269588642
2025-06-12,185.88164637592598
2025-06-13,183.8243193645833
2025-06-16,180.4729651240547
2025-06-17,182.415429937707
2025-06-18,182.34905955511482
2025-06-19,185.33972328294132
2025-06-20,189.80397515147627
2025-06-23,189.26756678055506
2025-06-24,191.2312424665393
2025-06-25,190.3551601077685
2025-06-26,187.2893805584107
2025-06-27,186.19432664878013
2025-06-30,187.0941813290818
2025-07-01,188.76053225464636
2025-07-02,189.9833587543799
2025-07-03,189.13869955359576
2025-07-04,187.3033936054386
2025-07-07,187.14845955115925
2025-07-08,190.84110450815808
2025-07-09,189.16280736629784
2025-07-10,188.99480646271417
2025-07-11,188.628133612242
2025-07-14,187.70624050322448
2025-07-15,188.33083489313958
2025-07-16,187.99717581983563
2025-07-17,188.90308481830138
2025-07-18,188.22343270256044
2025-07-21,190.19123685172988
2025-07-22,187.21088428820346
2025-07-23,185.25950732785728
2025-07-24,184.64503205875315
2025-07-25,191.05698111830384
2025-07-28,192.15951114561264
2025-07-29,194.83532203673454
2025-07-30,193.733870493251
2025-07-31,191.8905336280544
2025-08-01,195.19332871591212
2025-08-04,200.86347376329323
2025-08-05,199.6648857423344
2025-08-06,198.83244206588222
2025-08-07,198.0276925861232
2025-08-08,196.27242834716847
2025-08-11,196.39326764360737
2025-08-12,195.31736580533052
2025-08-13,192.46573785222864
2025-08-14,192.6315466480033
2025-08-15,191.58235218185376
2025-08-18,193.71361136288968
2025-08-19,193.94838952151952
2025-08-20,194.0588903227735
2025-08-21,196.69895306542423
2025-08-22,201.47256230843143
2025-08-25,204.66992073348922
2025-08-26,203.79362390009433
2025-08-27,204.90849823350894
2025-08-28,202.06784792590435
2025-08-29,200.86571942353157
2025-09-01,197.40773623319143
2025-09-02,200.5152482438774
2025-09-03,194.57849802483648
2025-09-04,193.8699966096162
2025-09-05,195.65410940042977
2025-09-08,196.16554415989464
2025-09-09,198.01317059515296
2025-09-10,199.9223465967914
2025-09-11,201.6843800913674
2025-09-12,199.89874748582736
2025-09-15,199.93031803119658
2025-09-16,199.31867371373613
2025-09-17,201.08246374577038
2025-09-18,198.70921057608112
2025-09-19,198.6183010621086
2025-09-22,200.75289230462542
2025-09-23,203.2421648497698
2025-09-24,203.06819225958742
2025-09-25,204.2954840230243
2025-09-26,205.72316037788218
2025-09-29,209.86597424348489
2025-09-30,209.2819656810065
2025-10-01,208.98315374106588
2025-10-02,208.8102299310592
2025-10-03,212.50484112172066
2025-10-06,215.63906351640716
2025-10-07,217.29082503713903
2025-10-08,219.1455147499493
2025-10-09,219.770715883107
2025-10-10,220.71109711080993
2025-10-13,224.7294440872799
2025-10-14,225.1214605965861
2025-10-15,222.81974771801148
2025-10-16,221.10915810066524
2025-10-17,222.83618778467053
2025-10-20,219.98557119854243
2025-10-21,221.05481295767157
2025-10-22,220.83892359789544
2025-10-23,217.27088558856627
2025-10-24,217.18436202159728
2025-10-27,217.22867907569534
2025-10-28,215.32035270953477
2025-10-29,217.78784053222208
2025-10-30,215.041291118932
2025-10-31,211.15507051845768
2025-11-03,214.68481450239193
2025-11-04,213.57390769825207
2025-11-05,216.21261920232803
2025-11-06,217.74914495970532
2025-11-07,212.66388339911893
2025-11-10,211.1876357661389
2025-11-11,208.66772191106014
2025-11-12,206.55653776713456
2025-11-13,206.46170125224813
2025-11-14,207.0785960494999
2025-11-17,203.38273300396148
2025-11-18,203.39780119750276
2025-11-19,206.05188911553296
2025-11-20,210.12937455759862
2025-11-21,212.35622674031393
2025-11-24,213.06353686324812
2025-11-25,214.9207052116962
2025-11-26,214.00726111661533
2025-11-27,217.82854019800135
2025-11-28,217.3402599835366
2025-12-01,218.24303981811175
2025-12-02,226.18162053173273
2025-12-03,227.2964035027251
2025-12-04,224.15364929630934
2025-12-05,224.6840639206018
2025-12-08,219.42414132164214
2025-12-09,217.03223618468593
2025-12-10,219.39623836270727
2025-12-11,224.61810517488905
2025-12-12,227.27627512546368
2025-12-15,227.19223526440527
2025-12-16,226.40909673189128
2025-12-17,222.08590153883839
2025-12-18,220.96496189927
2025-12-19,218.57306643180453
2025-12-22,217.50790901596963
2025-12-23,219.06047712291482
2025-12-24,217.5477299970295
2025-12-25,218.50032379049065
2025-12-26,217.60832315265577
2025-12-29,221.33254073029835
2025-12-30,223.06230360583226
2025-12-31,222.82397742892098
2026-01-01,224.15741993872533
2026-01-02,225.11698001187247
2026-01-05,227.16698893230128
2026-01-06,224.67218755953576
2026-01-07,228.9214552139445
2026-01-08,229.65605647878994
2026-01-09,224.81578588972525
2026-01-12,218.22171886366118
2026-01-13,214.85507374666284
2026-01-14,214.74347167734544
2026-01-15,215.04464440143224
2026-01-16,213.92297974301619
2026-01-19,214.49862070259314
2026-01-20,216.53849249030932
2026-01-21,214.32180125943452
2026-01-22,215.1743128736021
2026-01-23,215.89284206534467
2026-01-26,215.0073689486178
2026-01-27,216.67215573525942
2026-01-28,216.94257177021748
2026-01-29,221.27331167565413
2026-01-30,215.7958079053051
2026-02-02,216.51922183419137
2026-02-03,216.15684389452258
2026-02-04,217.57873573728932
2026-02-05,215.31963269880728
2026-02-06,217.8825773704001
2026-02-09,223.00883328444908
2026-02-10,220.29016592121323
2026-02-11,222.05475927918047
2026-02-12,223.2058318518585
2026-02-13,220.18567740293773
2026-02-16,219.4318597683716
2026-02-17,217.3645135849338
2026-02-18,219.09393597913964
2026-02-19,220.90711371213908
2026-02-20,217.56108975664426
2026-02-23,218.1619061350495
2026-02-24,219.350012702344
2026-02-25,220.50054984655475
2026-02-26,224.49774729179887
2026-02-27,224.762982062714
2026-03-02,226.42616111544118
2026-03-03,229.92597218407172
2026-03-04,231.8780624190587
2026-03-05,233.38342425734683
2026-03-06,237.08765718278548
2026-03-09,235.37835921140214
2026-03-10,233.28066848591448
2026-03-11,236.93309611639233
2026-03-12,234.2106193880522
2026-03-13,236.1810119656941
2026-03-16,236.17438653868751
2026-03-17,238.9284682128895
2026-03-18,236.1739954289619
2026-03-19,236.130188476165
2026-03-20,237.04530201134975
2026-03-23,236.98800665210186
2026-03-24,238.99438976369714
2026-03-25,243.3819036728139
2026-03-26,246.77154380834548
2026-03-27,247.63955584179618
2026-03-30,249.9037803567442
2026-03-31,246.32045890265493
2026-04-01,241.55747341371216
2026-04-02,240.38589137279652
2026-04-03,240.4454378604315
2026-04-06,241.55755426007798
2026-04-07,242.1249087630428
2026-04-08,238.52385368195027
2026-04-09,242.36433350369703
2026-04-10,244.01786038481802
2026-04-13,240.68136268214238
2026-04-14,244.86000726835394
2026-04-15,244.77639614323454
2026-04-16,248.94494806448444
2026-04-17,251.49845194809348
2026-04-20,250.6164651189935
