,VEA
2021-06-22,98.7474388736702
2021-06-23,97.97307192468433
2021-06-24,97.39930700502863
2021-06-25,98.59209121324491
2021-06-28,98.42929694569487
2021-06-29,98.12296053568723
2021-06-30,96.69474624057521
2021-07-01,95.85978625510685
2021-07-02,96.27863882020512
2021-07-05,96.6560489687119
2021-07-06,97.24153116364958
2021-07-07,96.49028033514011
2021-07-08,96.89681031871899
2021-07-09,96.56228500400323
2021-07-12,96.02420934695623
2021-07-13,95.73358522600788
2021-07-14,96.3451834306302
2021-07-15,95.84182523641627
2021-07-16,95.65912755822681
2021-07-19,96.85732600951428
2021-07-20,96.56085095372295
2021-07-21,95.73745075789516
2021-07-22,95.82368296533481
2021-07-23,95.75073313430427
2021-07-26,95.50656779416661
2021-07-27,95.59245221279427
2021-07-28,95.27794796379354
2021-07-29,94.48617114759615
2021-07-30,95.53010266416177
2021-08-02,97.35600781272736
2021-08-03,97.3129072620743
2021-08-04,98.23669359304994
2021-08-05,98.0844960191846
2021-08-06,97.13947288615941
2021-08-09,98.96268886300558
2021-08-10,99.21864974952287
2021-08-11,100.47275950827712
2021-08-12,101.97286396744254
2021-08-13,101.20704487954066
2021-08-16,100.42355131939506
2021-08-17,100.39421229075725
2021-08-18,100.27127832695213
2021-08-19,99.65795769610942
2021-08-20,98.66005929698005
2021-08-23,100.39739482183197
2021-08-24,100.15818790647621
2021-08-25,100.6242431238102
2021-08-26,100.08545631767866
2021-08-27,99.45073048777925
2021-08-30,99.7735204908687
2021-08-31,100.8300233120399
2021-09-01,99.3046817910733
2021-09-02,98.63138667440144
2021-09-03,97.39813393948464
2021-09-06,97.45853797172981
2021-09-07,98.67617023713106
2021-09-08,97.42690664199802
2021-09-09,97.56720375488678
2021-09-10,95.8844152205366
2021-09-13,96.43476362553744
2021-09-14,96.61250104125324
2021-09-15,96.9240790520339
2021-09-16,96.35845130071004
2021-09-17,96.59189579042517
2021-09-20,97.1652060110168
2021-09-21,96.08701212810433
2021-09-22,95.79504365211943
2021-09-23,97.73314935316498
2021-09-24,97.20352899819208
2021-09-27,97.61236923773268
2021-09-28,98.78864222138817
2021-09-29,99.99453248847394
2021-09-30,100.51049040922928
2021-10-01,99.65250177565781
2021-10-04,100.10917892570544
2021-10-05,100.19204564556546
2021-10-06,100.56641017005299
2021-10-07,100.85239451072314
2021-10-08,99.3253992517699
2021-10-11,99.18909621511914
2021-10-12,99.87195999445565
2021-10-13,98.77879963580519
2021-10-14,98.31971288014107
2021-10-15,98.9389473948569
2021-10-18,100.56018896002068
2021-10-19,99.96295492108163
2021-10-20,99.7700292107192
2021-10-21,98.26171037628777
2021-10-22,100.00087185440604
2021-10-25,99.47871138466688
2021-10-26,99.9420083662306
2021-10-27,99.99657778428525
2021-10-28,99.9704116423759
2021-10-29,97.64963109599813
2021-11-01,97.10509671879933
2021-11-02,96.75641703572467
2021-11-03,97.81608294644244
2021-11-04,97.09540360833383
2021-11-05,97.29722460893416
2021-11-08,98.03214011834318
2021-11-09,96.77589958825806
2021-11-10,97.76859460144355
2021-11-11,97.80011106005044
2021-11-12,98.3612426891554
2021-11-15,98.64419048861936
2021-11-16,98.97812680584231
2021-11-17,100.67287519460204
2021-11-18,99.75234823035012
2021-11-19,98.08168359198099
2021-11-22,97.78790380474534
2021-11-23,97.33453441054732
2021-11-24,96.08262057851704
2021-11-25,95.2711071472897
2021-11-26,94.79174425732042
2021-11-29,93.44403982435661
2021-11-30,89.59125284884216
2021-12-01,88.70488069286331
2021-12-02,89.02405931951384
2021-12-03,88.54511196350265
2021-12-06,88.16220705761747
2021-12-07,87.74938789160416
2021-12-08,86.87003908898681
2021-12-09,86.66313350097923
2021-12-10,87.04986483100086
2021-12-13,86.95127097802064
2021-12-14,85.95577486229621
2021-12-15,85.38232147744743
2021-12-16,85.77621923218952
2021-12-17,85.88697860825654
2021-12-20,86.43053813324345
2021-12-21,86.77415923921116
2021-12-22,85.9031401049584
2021-12-23,84.70249187036212
2021-12-24,84.73263575856095
2021-12-27,85.7069885882363
2021-12-28,86.76483518121773
2021-12-29,86.02671632132258
2021-12-30,86.9406753496565
2021-12-31,87.96330915887629
2022-01-03,87.68967070625558
2022-01-04,89.40530445563606
2022-01-05,89.95042725040886
2022-01-06,90.62647743805515
2022-01-07,91.44905812451461
2022-01-10,90.79595854177707
2022-01-11,90.76915407692421
2022-01-12,92.17387685788742
2022-01-13,91.71379923668881
2022-01-14,92.37913924988199
2022-01-17,92.21455612032915
2022-01-18,89.92797356291061
2022-01-19,88.51162354546653
2022-01-20,87.85472316761934
2022-01-21,88.38958720043235
2022-01-24,87.64249031197919
2022-01-25,85.96916706761051
2022-01-26,86.28393996276546
2022-01-27,86.57601938887353
2022-01-28,87.63466455567179
2022-01-31,87.87465250151595
2022-02-01,89.87386483667599
2022-02-02,89.57977435734483
2022-02-03,90.6206536905216
2022-02-04,91.3863737344237
2022-02-07,91.64359258022156
2022-02-08,92.80582665907072
2022-02-09,92.82684837733666
2022-02-10,92.18644299920463
2022-02-11,91.76074617921498
2022-02-14,92.70388857864187
2022-02-15,93.15370472368231
2022-02-16,93.38483904769782
2022-02-17,93.29201824124769
2022-02-18,92.4228304787471
2022-02-21,92.08701872092114
2022-02-22,93.08633296366062
2022-02-23,92.572611272569
2022-02-24,91.99978993066044
2022-02-25,92.73757921532909
2022-02-28,90.51725763325112
2022-03-01,90.32566996433374
2022-03-02,89.68395856963993
2022-03-03,90.26156018086576
2022-03-04,89.56850209668683
2022-03-07,89.91977287689149
2022-03-08,88.67585809915465
2022-03-09,87.96779011660743
2022-03-10,87.200926121778
2022-03-11,86.87637008492864
2022-03-14,85.9287773116968
2022-03-15,84.80118938250254
2022-03-16,84.55659583008229
2022-03-17,85.05049295418048
2022-03-18,83.9345244747442
2022-03-21,83.82970786213167
2022-03-22,83.77269906389661
2022-03-23,84.8993057358935
2022-03-24,85.96465615642485
2022-03-25,86.71509811522937
2022-03-28,87.3211895078523
2022-03-29,87.41163924319791
2022-03-30,84.99866868118475
2022-03-31,85.1831365977822
2022-04-01,85.06206557865474
2022-04-04,85.10367257599304
2022-04-05,84.57835961979977
2022-04-06,84.73408853028536
2022-04-07,83.98685772145451
2022-04-08,84.08520779795528
2022-04-11,83.22434350431527
2022-04-12,83.54520143790822
2022-04-13,84.55001648563218
2022-04-14,84.58865951725534
2022-04-15,84.28607981523106
2022-04-18,83.45151532389143
2022-04-19,82.00783919509902
2022-04-20,81.58568583113845
2022-04-21,83.59687578980225
2022-04-22,83.39841419684728
2022-04-25,82.08065675557404
2022-04-26,81.66638636088216
2022-04-27,81.47250923127305
2022-04-28,81.22734724129845
2022-04-29,81.87250688897068
2022-05-02,81.02326624066531
2022-05-03,81.49056985523421
2022-05-04,81.35787613879846
2022-05-05,82.54656411433969
2022-05-06,81.31193776851403
2022-05-09,80.63551253237465
2022-05-10,80.01209315402708
2022-05-11,81.46087995301802
2022-05-12,80.61151971826071
2022-05-13,81.04932783568226
2022-05-16,80.46870819521331
2022-05-17,81.33398775797895
2022-05-18,80.48655054279239
2022-05-19,81.77352932767555
2022-05-20,82.36132387945699
2022-05-23,83.76361969571221
2022-05-24,82.49115071363184
2022-05-25,82.0570681088527
2022-05-26,80.22935769534506
2022-05-27,80.58472770049775
2022-05-30,80.56762478609222
2022-05-31,81.26134468160356
2022-06-01,81.60054534316572
2022-06-02,81.43055034597978
2022-06-03,81.37385907120635
2022-06-06,81.35041787726489
2022-06-07,82.24870374433662
2022-06-08,82.49793219787253
2022-06-09,83.07046595987822
2022-06-10,83.54518643806415
2022-06-13,82.71842673775447
2022-06-14,82.09809729402639
2022-06-15,82.70200436783284
2022-06-16,80.16763562427208
2022-06-17,79.06381944795118
2022-06-20,79.3050554531278
2022-06-21,79.30267687838727
2022-06-22,78.60848625083209
2022-06-23,79.19229676233961
2022-06-24,78.9815790208377
2022-06-27,79.4940600851306
2022-06-28,79.35892953728592
2022-06-29,80.45168419545882
2022-06-30,81.07170765438231
2022-07-01,80.13759173802302
2022-07-04,80.45842279365428
2022-07-05,80.4623352199245
2022-07-06,80.9592814412754
2022-07-07,80.85885654602116
2022-07-08,83.02559473366516
2022-07-11,83.68247210165264
2022-07-12,83.06001617581053
2022-07-13,82.41458665458669
2022-07-14,81.60919041897309
2022-07-15,81.6138916734923
2022-07-18,80.85921371066328
2022-07-19,81.0046264337549
2022-07-20,80.8548802593256
2022-07-21,81.14426607235816
2022-07-22,81.7972703394259
2022-07-25,82.85251163388344
2022-07-26,81.35819851499959
2022-07-27,82.9739661388014
2022-07-28,81.28177949259965
2022-07-29,81.5061478405668
2022-08-01,81.44763073474459
2022-08-02,80.12245481166694
2022-08-03,80.90311662559306
2022-08-04,81.95578643484174
2022-08-05,81.76958447003412
2022-08-08,82.51622278995137
2022-08-09,82.9556141320847
2022-08-10,82.46276549463856
2022-08-11,82.01014182815348
2022-08-12,84.24124121778091
2022-08-15,84.04589547655446
2022-08-16,83.68610698439053
2022-08-17,83.28341374493317
2022-08-18,83.86238726876812
2022-08-19,85.96239940681602
2022-08-22,86.79334742364081
2022-08-23,88.17458261160652
2022-08-24,87.75728741267802
2022-08-25,88.07818647552197
2022-08-26,89.31214150113792
2022-08-29,90.20716773513529
2022-08-30,89.48848246104379
2022-08-31,90.27716116070222
2022-09-01,90.65250228972857
2022-09-02,89.77756164989977
2022-09-05,88.99795853507165
2022-09-06,88.18378213922034
2022-09-07,87.59055943039893
2022-09-08,89.17893638740725
2022-09-09,89.97343953730997
2022-09-12,89.5133147622941
2022-09-13,90.03179392441429
2022-09-14,90.19986067864846
2022-09-15,89.59389501694865
2022-09-16,88.86610124310266
2022-09-19,89.11406074214977
2022-09-20,88.54172804954439
2022-09-21,89.63063575422363
2022-09-22,91.18677914761564
2022-09-23,90.61776364222199
2022-09-26,90.530030201513
2022-09-27,91.93249968855196
2022-09-28,92.98206314213805
2022-09-29,93.011755389398
2022-09-30,94.53865420059398
2022-10-03,93.4454358361521
2022-10-04,95.14965729275617
2022-10-05,95.37230386552004
2022-10-06,92.49132956214035
2022-10-07,92.27913309492402
2022-10-10,92.10912937310994
2022-10-11,90.94338878997523
2022-10-12,90.86083500507792
2022-10-13,92.5769086227139
2022-10-14,92.33089611385506
2022-10-17,90.75143191195568
2022-10-18,91.05779013012975
2022-10-19,91.50610776480454
2022-10-20,91.58549502244296
2022-10-21,91.0405362841235
2022-10-24,90.77249374777585
2022-10-25,91.29028109576018
2022-10-26,91.17927915580519
2022-10-27,91.59939134930963
2022-10-28,91.89149906910586
2022-10-31,92.01297416247547
2022-11-01,90.9003874146377
2022-11-02,89.97365161529203
2022-11-03,89.53962314685495
2022-11-04,89.97040525529042
2022-11-07,90.33633156551642
2022-11-08,91.4579937309827
2022-11-09,90.10718698627244
2022-11-10,90.78972926933388
2022-11-11,91.93856352701086
2022-11-14,91.65516131725947
2022-11-15,92.97719456222903
2022-11-16,93.2855259650832
2022-11-17,93.32245030710354
2022-11-18,91.83437824568239
2022-11-21,91.12899530184887
2022-11-22,91.18048444431199
2022-11-23,91.93069374202267
2022-11-24,92.24834944399974
2022-11-25,93.1764347223045
2022-11-28,91.54297868509856
2022-11-29,91.59254446239412
2022-11-30,91.43639129973337
2022-12-01,90.5147549671174
2022-12-02,91.3994145149562
2022-12-05,90.11946904792288
2022-12-06,89.63247515749887
2022-12-07,89.11892045798415
2022-12-08,89.16053861315424
2022-12-09,88.12349157164644
2022-12-12,86.99388212103521
2022-12-13,85.93009735468156
2022-12-14,85.32798811024898
2022-12-15,86.1357967394549
2022-12-16,86.91594482805945
2022-12-19,87.35780531585134
2022-12-20,87.02643092915133
2022-12-21,86.77600299579542
2022-12-22,85.9100069672058
2022-12-23,84.04549954785038
2022-12-26,83.89600307609174
2022-12-27,82.98857776492015
2022-12-28,82.69711743334196
2022-12-29,84.09857912598734
2022-12-30,84.54259718048888
2023-01-02,83.18957735357031
2023-01-03,81.27236700923798
2023-01-04,82.32551866430286
2023-01-05,82.96115760337818
2023-01-06,82.64055942941675
2023-01-09,82.48589089188236
2023-01-10,81.77491860688933
2023-01-11,80.50047675455137
2023-01-12,81.51729674001643
2023-01-13,82.59121572089964
2023-01-16,82.35243776267849
2023-01-17,82.7106812726771
2023-01-18,81.68383247236048
2023-01-19,82.34443051566863
2023-01-20,81.93175041603016
2023-01-23,82.29696177657097
2023-01-24,83.31474336403679
2023-01-25,83.6782003643269
2023-01-26,83.73257003901816
2023-01-27,82.07429360450266
2023-01-30,81.70444879671706
2023-01-31,81.51782097160061
2023-02-01,81.97521368859844
2023-02-02,83.19110709864775
2023-02-03,84.8734761030451
2023-02-06,85.84955555354071
2023-02-07,84.78602726779815
2023-02-08,84.15839661277691
2023-02-09,84.81775459468692
2023-02-10,81.90681804567582
2023-02-13,82.30816947068689
2023-02-14,80.65139866713972
2023-02-15,79.60344197659131
2023-02-16,80.36814997457944
2023-02-17,81.94871510542045
2023-02-20,81.73369521266694
2023-02-21,81.41897915710156
2023-02-22,82.01593394503229
2023-02-23,82.43487399539298
2023-02-24,82.36638612795302
2023-02-27,81.54233904971177
2023-02-28,81.05277922429208
2023-03-01,80.51319859323381
2023-03-02,81.3868407035622
2023-03-03,82.2599557860512
2023-03-06,82.1445976731386
2023-03-07,81.6409687031951
2023-03-08,82.00997774982584
2023-03-09,82.09933471637973
2023-03-10,82.5190012445933
2023-03-13,82.31094686693251
2023-03-14,83.36978834204902
2023-03-15,84.93544910869882
2023-03-16,84.98421811240631
2023-03-17,82.91604557243967
2023-03-20,83.96795170756266
2023-03-21,84.05112755850352
2023-03-22,83.71154501540009
2023-03-23,81.9477517095699
2023-03-24,82.31605455132829
2023-03-27,81.78413009966287
2023-03-28,80.98058949938668
2023-03-29,81.20580594558858
2023-03-30,80.42250540058194
2023-03-31,81.26558373586455
2023-04-03,81.19512503480505
2023-04-04,80.84499997632436
2023-04-05,81.67638316354963
2023-04-06,81.78404604351024
2023-04-07,83.36073864828035
2023-04-10,83.42213773334711
2023-04-11,83.09957071804052
2023-04-12,83.7233194493896
2023-04-13,84.80090687846409
2023-04-14,84.85606907025783
2023-04-17,85.73223264281006
2023-04-18,87.10768364342088
2023-04-19,86.98378784535642
2023-04-20,84.94274208458444
2023-04-21,83.46925832844389
2023-04-24,83.36925540467469
2023-04-25,82.49403250211842
2023-04-26,83.38064826661781
2023-04-27,82.57936882011238
2023-04-28,79.96092972448
2023-05-01,79.88906770622224
2023-05-02,81.41353961249015
2023-05-03,81.36785343043881
2023-05-04,82.68174053958953
2023-05-05,83.67106779088341
2023-05-08,84.09055551281462
2023-05-09,83.16403537582792
2023-05-10,84.09651633803882
2023-05-11,85.05277392807237
2023-05-12,85.18959063819071
2023-05-15,84.19362099423573
2023-05-16,83.49540115327147
2023-05-17,83.69820067204861
2023-05-18,84.85178762191234
2023-05-19,83.80820637786952
2023-05-22,85.4245196031846
2023-05-23,83.27884144575826
2023-05-24,84.14546117626928
2023-05-25,83.06967594579474
2023-05-26,82.75773019969469
2023-05-29,83.35647261853153
2023-05-30,82.53784347825895
2023-05-31,81.8568330663025
2023-06-01,80.45214771161521
2023-06-02,79.45575663732488
2023-06-05,79.28399032452252
2023-06-06,77.85031453701262
2023-06-07,76.90842763493303
2023-06-08,76.55724985599089
2023-06-09,75.81738199453733
2023-06-12,75.21470978722162
2023-06-13,73.0427703332551
2023-06-14,72.66227700096513
2023-06-15,72.99156572713292
2023-06-16,73.14193075629059
2023-06-19,72.81311283452526
2023-06-20,72.42830952506476
2023-06-21,71.88238504283542
2023-06-22,71.17129179813439
2023-06-23,71.26310726384979
2023-06-26,70.97410460471681
2023-06-27,70.84104425892708
2023-06-28,70.97858922154046
2023-06-29,71.37685768565525
2023-06-30,71.0730746574214
2023-07-03,71.57539571580203
2023-07-04,70.32934439346906
2023-07-05,70.28665929706186
2023-07-06,68.88600056501826
2023-07-07,68.24399220772169
2023-07-10,70.12589924514488
2023-07-11,69.97866881776258
2023-07-12,68.65547444997469
2023-07-13,68.94267350741985
2023-07-14,67.65014392622741
2023-07-17,66.53432466586547
2023-07-18,67.30522144976743
2023-07-19,68.18090177782166
2023-07-20,67.90211435363331
2023-07-21,66.73945880713529
2023-07-24,67.4503763295626
2023-07-25,66.65958505284789
2023-07-26,66.77044520115345
2023-07-27,67.34470198220906
2023-07-28,67.13168967754109
2023-07-31,68.00107895941989
2023-08-01,67.80212313167799
2023-08-02,67.40825677274243
2023-08-03,68.31774291207532
2023-08-04,68.50437114805125
2023-08-07,67.24005124408133
2023-08-08,66.90781727445925
2023-08-09,67.31137234419083
2023-08-10,67.5373423646088
2023-08-11,68.3782085434616
2023-08-14,68.26335557524801
2023-08-15,67.97061009129676
2023-08-16,67.68799163276772
2023-08-17,67.80862579201883
2023-08-18,69.10998982861744
2023-08-21,69.26517634122943
2023-08-22,68.52825016015379
2023-08-23,68.30219041476973
2023-08-24,68.18468021114272
2023-08-25,69.61288961219513
2023-08-28,71.11280854752967
2023-08-29,71.46630200326275
2023-08-30,70.24227592571312
2023-08-31,71.23720444297825
2023-09-01,71.61973431752587
2023-09-04,72.10690785351068
2023-09-05,71.54742852953862
2023-09-06,71.28468695937437
2023-09-07,71.40277159586529
2023-09-08,71.69939541064821
2023-09-11,71.72296942219819
2023-09-12,71.08566255909385
2023-09-13,70.92180250121767
2023-09-14,71.6142808789051
2023-09-15,71.78050580984927
2023-09-18,72.27459786978208
2023-09-19,71.36921662292075
2023-09-20,71.30550354078761
2023-09-21,72.40195525743059
2023-09-22,72.23572101900298
2023-09-25,73.06736653313286
2023-09-26,73.20100656880767
2023-09-27,72.76309061732792
2023-09-28,72.9444054719725
2023-09-29,73.131512836272
2023-10-02,73.25898207401711
2023-10-03,74.63919916976793
2023-10-04,74.27923592765421
2023-10-05,75.31702220287094
2023-10-06,76.72791033576819
2023-10-09,76.96722235157561
2023-10-10,77.56209658819851
2023-10-11,76.42425671914303
2023-10-12,75.46733041543986
2023-10-13,75.02815311015017
2023-10-16,74.62370318657376
2023-10-17,74.33151021352273
2023-10-18,74.22192296446684
2023-10-19,75.00020192572003
2023-10-20,75.61810345629387
2023-10-23,74.94187201170844
2023-10-24,74.96898679088356
2023-10-25,76.20097267645998
2023-10-26,75.96478394143395
2023-10-27,74.09597146528188
2023-10-30,74.55028028152022
2023-10-31,74.01861047547096
2023-11-01,74.07277062464404
2023-11-02,73.40403320612893
2023-11-03,72.5509356610364
2023-11-06,72.86016895668767
2023-11-07,74.2244981027891
2023-11-08,73.16773100172372
2023-11-09,72.4543312455518
2023-11-10,72.41474572416502
2023-11-13,72.8837729093203
2023-11-14,72.22019743961182
2023-11-15,71.83486209727944
2023-11-16,70.95891004769497
2023-11-17,70.67705808172512
2023-11-20,70.35666304569568
2023-11-21,70.44992747511546
2023-11-22,69.0221776405339
2023-11-23,69.77001678147208
2023-11-24,70.43587946898988
2023-11-27,70.95066542141255
2023-11-28,70.3652892903972
2023-11-29,71.0329235344497
2023-11-30,70.52918379509393
2023-12-01,69.51134264435099
2023-12-04,68.59068318788266
2023-12-05,68.13201637354298
2023-12-06,69.02731830083901
2023-12-07,69.60750903039241
2023-12-08,69.70738379274923
2023-12-11,70.01297272389748
2023-12-12,70.84073100683975
2023-12-13,70.20873262655454
2023-12-14,71.02606355077339
2023-12-15,70.96088339876204
2023-12-18,71.10582991094341
2023-12-19,70.94404505944671
2023-12-20,71.99585206248759
2023-12-21,71.82978520414459
2023-12-22,72.08926060566793
2023-12-25,72.60629025288324
2023-12-26,72.62481878701418
2023-12-27,71.84636789842585
2023-12-28,71.95919157001762
2023-12-29,72.16770956580012
2024-01-01,72.98793196084839
2024-01-02,71.90147778885012
2024-01-03,71.00358668812696
2024-01-04,69.48057961332572
2024-01-05,69.27282153841375
2024-01-08,70.63631949005321
2024-01-09,69.6061663036747
2024-01-10,69.61821049768425
2024-01-11,69.3392594120322
2024-01-12,69.92716685411347
2024-01-15,70.65216878546346
2024-01-16,71.77400052793982
2024-01-17,71.50624804611734
2024-01-18,69.88405732247897
2024-01-19,69.7725211380531
2024-01-22,69.82169098539869
2024-01-23,69.93941401117205
2024-01-24,71.47597016160843
2024-01-25,71.8652988133449
2024-01-26,71.51993581365129
2024-01-29,69.91870501750161
2024-01-30,70.2636763009942
2024-01-31,72.14968399332503
2024-02-01,73.24245095616303
2024-02-02,73.46407230453963
2024-02-05,74.3053070389744
2024-02-06,74.43550072131454
2024-02-07,75.23945555547444
2024-02-08,75.42462692109918
2024-02-09,75.88088057743356
2024-02-12,75.57077362228999
2024-02-13,75.195764309913
2024-02-14,74.19052326628196
2024-02-15,74.93704875125661
2024-02-16,75.4745673970578
2024-02-19,73.75193838877621
2024-02-20,74.05548706144894
2024-02-21,73.97659317047922
2024-02-22,74.2889668371255
2024-02-23,74.00606471150378
2024-02-26,72.4456178908525
2024-02-27,72.47030060403576
2024-02-28,73.18395603201024
2024-02-29,71.88577517310935
2024-03-01,72.48324041851669
2024-03-04,72.80756517652715
2024-03-05,73.19642121253084
2024-03-06,73.30872373646152
2024-03-07,72.56570237692365
2024-03-08,73.04115314743815
2024-03-11,71.70630142387328
2024-03-12,72.22829535589767
2024-03-13,71.35782256237782
2024-03-14,70.06776568872155
2024-03-15,70.31249544393705
2024-03-18,69.3818719752676
2024-03-19,69.32015762525026
2024-03-20,69.78418398296505
2024-03-21,70.25327229484944
2024-03-22,68.83345823101642
2024-03-25,67.88603976865035
2024-03-26,68.48142572982948
2024-03-27,68.19680285151098
2024-03-28,67.75538680106851
2024-03-29,67.1592039446482
2024-04-01,66.62839088477232
2024-04-02,67.36214807219737
2024-04-03,66.94913110078026
2024-04-04,66.77153977946682
2024-04-05,67.97855168571965
2024-04-08,68.30877417021708
2024-04-09,67.33395748428373
2024-04-10,67.74854754576208
2024-04-11,68.76828055457712
2024-04-12,69.62763957712325
2024-04-15,70.01005696470655
2024-04-16,68.37045469697077
2024-04-17,69.05538872279323
2024-04-18,69.19849144227315
2024-04-19,70.61235857344641
2024-04-22,71.26628000615428
2024-04-23,72.00056666266521
2024-04-24,72.03911172680809
2024-04-25,72.91563832523416
2024-04-26,73.2916562311421
2024-04-29,72.22176823170913
2024-04-30,72.73516505602304
2024-05-01,71.59280447374779
2024-05-02,72.1062813117127
2024-05-03,72.38527491671303
2024-05-06,72.07282105844538
2024-05-07,70.95875787899398
2024-05-08,71.36980439109237
2024-05-09,71.60400773103734
2024-05-10,72.42148980496226
2024-05-13,72.35506509004576
2024-05-14,72.11391690544676
2024-05-15,70.23056174894239
2024-05-16,70.45697719949102
2024-05-17,71.27624773388274
2024-05-20,71.52419181739185
2024-05-21,71.82701127679437
2024-05-22,71.40651573530052
2024-05-23,71.38035014287833
2024-05-24,72.11134924936444
2024-05-27,71.66948032028616
2024-05-28,72.13465032328588
2024-05-29,72.62027331818372
2024-05-30,72.66191235968965
2024-05-31,73.28857630075187
2024-06-03,73.33771422004435
2024-06-04,73.44189414180109
2024-06-05,73.91695045747474
2024-06-06,74.16867709882115
2024-06-07,74.8141523903935
2024-06-10,74.64931749158606
2024-06-11,75.04570603743619
2024-06-12,75.64291994775871
2024-06-13,74.48420864127486
2024-06-14,73.71370690625386
2024-06-17,72.75305875134788
2024-06-18,72.09890032957273
2024-06-19,72.00536345420576
2024-06-20,72.54693845726096
2024-06-21,72.05017467398788
2024-06-24,72.76685249601411
2024-06-25,72.18666287766241
2024-06-26,71.57565616596632
2024-06-27,71.85216385662268
2024-06-28,70.98877099692834
2024-07-01,70.30018312926994
2024-07-02,70.10235015112197
2024-07-03,70.43539562382182
2024-07-04,68.95140961503895
2024-07-05,69.22354728722493
2024-07-08,70.47550515619623
2024-07-09,69.22422029167856
2024-07-10,69.66977376243729
2024-07-11,70.66146039012834
2024-07-12,70.6658828967862
2024-07-15,69.96375854690223
2024-07-16,70.58793430359074
2024-07-17,70.93217737761611
2024-07-18,70.18336837548145
2024-07-19,70.27269843972293
2024-07-22,70.31710686512238
2024-07-23,70.01784263202705
2024-07-24,69.70119045568755
2024-07-25,68.09964258998602
2024-07-26,68.37661665420337
2024-07-29,68.36718909090912
2024-07-30,67.83281768266511
2024-07-31,67.64229443296243
2024-08-01,68.0817290408529
2024-08-02,68.49431863645795
2024-08-05,68.08704671362148
2024-08-06,68.47442305075433
2024-08-07,68.06267065058663
2024-08-08,67.02910288226663
2024-08-09,67.11593344107834
2024-08-12,64.77493029479113
2024-08-13,65.63176912886806
2024-08-14,65.69478896874433
2024-08-15,64.72599549619183
2024-08-16,63.87795933844915
2024-08-19,63.679075075671335
2024-08-20,63.095541673846334
2024-08-21,63.209897381201905
2024-08-22,63.252279195935536
2024-08-23,63.16478394160641
2024-08-26,64.40006745470367
2024-08-27,63.778830559731695
2024-08-28,65.06404215934433
2024-08-29,64.41418610099593
2024-08-30,65.22467560987342
2024-09-02,64.54771715115915
2024-09-03,64.08076633673686
2024-09-04,63.32235556796242
2024-09-05,63.59471328563515
2024-09-06,63.00352750214723
2024-09-09,62.82694563173416
2024-09-10,62.816184232448855
2024-09-11,62.533275222841475
2024-09-12,62.376306441056514
2024-09-13,61.674653900468016
2024-09-16,62.36678714613545
2024-09-17,62.38248462953747
2024-09-18,62.9175924760042
2024-09-19,64.06438998951803
2024-09-20,64.55178209779574
2024-09-23,64.36448701097423
2024-09-24,62.99860196053524
2024-09-25,63.11680262625815
2024-09-26,63.077821391887554
2024-09-27,63.22363551033261
2024-09-30,62.39331308296789
2024-10-01,61.959149443922236
2024-10-02,60.99794026912011
2024-10-03,60.012516248119006
2024-10-04,60.06720461735583
2024-10-07,59.772517576211335
2024-10-08,60.03938877558236
2024-10-09,60.21015753209742
2024-10-10,60.4960119562355
2024-10-11,61.2404617518038
2024-10-14,60.70561685410964
2024-10-15,59.93032431605017
2024-10-16,59.9029442877826
2024-10-17,60.10257144858191
2024-10-18,59.79512182779708
2024-10-21,59.62461926981526
2024-10-22,60.55699960239039
2024-10-23,60.00209573780083
2024-10-24,60.09950677785956
2024-10-25,60.133611927926786
2024-10-28,61.18628181279296
2024-10-29,61.207271504841366
2024-10-30,61.323826394690826
2024-10-31,61.502072918428475
2024-11-01,61.79908842185318
2024-11-04,62.927786575226364
2024-11-05,61.43195651721427
2024-11-06,63.02233783375157
2024-11-07,62.38388897328711
2024-11-08,62.993696525930574
2024-11-11,64.82538447370494
2024-11-12,65.33155275410921
2024-11-13,65.6160655925253
2024-11-14,65.68273255753988
2024-11-15,67.04000590359554
2024-11-18,67.38299243548012
2024-11-19,66.95719077126726
2024-11-20,66.47792839035507
2024-11-21,65.39803623547564
2024-11-22,66.08353584854851
2024-11-25,65.94065299299854
2024-11-26,66.40048645507373
2024-11-27,66.20302182929117
2024-11-28,65.45429716347311
2024-11-29,64.1711042436502
2024-12-02,64.0327454988938
2024-12-03,63.811630871564354
2024-12-04,63.34898725522097
2024-12-05,62.29301954713318
2024-12-06,60.243299054653676
2024-12-09,60.261996878689736
2024-12-10,60.272452825975854
2024-12-11,60.0160642077618
2024-12-12,59.90384980811646
2024-12-13,59.646431853669036
2024-12-16,59.4399162204393
2024-12-17,60.24668625282248
2024-12-18,59.453617266133094
2024-12-19,60.016249575415735
2024-12-20,59.323959024250605
2024-12-23,59.138867910891015
2024-12-24,58.55892515166302
2024-12-25,58.49577400888375
2024-12-26,58.70224567942732
2024-12-27,57.85081247076131
2024-12-30,58.97768704026238
2024-12-31,58.43463705745277
2025-01-01,58.243515896996016
2025-01-02,58.55584556172623
2025-01-03,57.664264403699526
2025-01-06,57.39067682506139
2025-01-07,57.732959572782036
2025-01-08,58.26139586349856
2025-01-09,58.19691731490021
2025-01-10,58.45032549259135
2025-01-13,58.9323585527526
2025-01-14,60.05063272263542
2025-01-15,61.13736986884539
2025-01-16,61.29566132902906
2025-01-17,61.9809250093858
2025-01-20,62.22533787949237
2025-01-21,62.37842437633954
2025-01-22,62.13593512099597
2025-01-23,62.38757825258063
2025-01-24,60.57427766991192
2025-01-27,60.345468009914384
2025-01-28,60.67316742952654
2025-01-29,61.90864446346597
2025-01-30,62.613242093994884
2025-01-31,63.702200599008364
2025-02-03,63.41958734944158
2025-02-04,62.5849771643715
2025-02-05,62.66933882363986
2025-02-06,61.20258102562403
2025-02-07,61.43594479636807
2025-02-10,62.125995152820025
2025-02-11,60.406327870649655
2025-02-12,61.214152168908555
2025-02-13,61.64922810514987
2025-02-14,61.912759579338086
2025-02-17,61.48196886333602
2025-02-18,61.15129103917371
2025-02-19,61.23594057891837
2025-02-20,61.70263094330387
2025-02-21,60.11998341153836
2025-02-24,59.030640651308566
2025-02-25,58.43208068789632
2025-02-26,58.82068403336611
2025-02-27,59.44429523418958
2025-02-28,60.077114292255814
2025-03-03,59.67423974705564
2025-03-04,60.32721620993415
2025-03-05,61.26436019796137
2025-03-06,60.926166130489065
2025-03-07,61.57655919477506
2025-03-10,62.30710455277516
2025-03-11,62.24068446419517
2025-03-12,62.43544131635343
2025-03-13,64.09238813297314
2025-03-14,64.97948550529115
2025-03-17,64.04367122641881
2025-03-18,64.09258257862939
2025-03-19,65.67721207081395
2025-03-20,65.27177600463325
2025-03-21,64.28140104956663
2025-03-24,63.829552913176514
2025-03-25,63.68779756825463
2025-03-26,63.689659939991486
2025-03-27,63.93029406013421
2025-03-28,63.651562468660615
2025-03-31,64.47161708843451
2025-04-01,65.25216985794209
2025-04-02,64.50944217597116
2025-04-03,65.62594624977103
2025-04-04,65.7381765796528
2025-04-07,65.65755529323344
2025-04-08,65.89256035632106
2025-04-09,65.29283608650735
2025-04-10,66.58781505559489
2025-04-11,65.48809792496681
2025-04-14,65.56474386025351
2025-04-15,65.33761507936576
2025-04-16,65.28731466068297
2025-04-17,65.9220559911146
2025-04-18,65.3717012434094
2025-04-21,64.57452711813637
2025-04-22,65.29921721686617
2025-04-23,64.57607098566773
2025-04-24,65.41415428037632
2025-04-25,65.09632809578427
2025-04-28,65.25651720429379
2025-04-29,65.283480698662
2025-04-30,65.4710149552036
2025-05-01,64.18965355306193
2025-05-02,64.62770139375749
2025-05-05,63.52684146875591
2025-05-06,63.25180387871126
2025-05-07,63.11506057431247
2025-05-08,63.19099501514144
2025-05-09,62.81402974243804
2025-05-12,63.10640559229908
2025-05-13,63.310808240949854
2025-05-14,64.65605113215233
2025-05-15,65.1684066180208
2025-05-16,64.78594264818199
2025-05-19,63.712733284730426
2025-05-20,62.76092833765359
2025-05-21,63.11917775280804
2025-05-22,63.532692077961215
2025-05-23,64.29376546285425
2025-05-26,64.84483530267822
2025-05-27,65.5806443559254
2025-05-28,64.59090084526473
2025-05-29,64.45195968775246
2025-05-30,64.51549917024128
2025-06-02,65.18751503844685
2025-06-03,65.72279674479846
2025-06-04,66.42188976454071
2025-06-05,66.17019013541652
2025-06-06,66.66010033589089
2025-06-09,67.27432047536087
2025-06-10,67.09192467605257
2025-06-11,67.85110450973903
2025-06-12,66.89442021330689
2025-06-13,66.91064603271414
2025-06-16,66.51737997809086
2025-06-17,65.7882083693306
2025-06-18,65.87842693981817
2025-06-19,65.96103021221934
2025-06-20,65.26508596050039
2025-06-23,65.08875990787101
2025-06-24,64.98800027279117
2025-06-25,65.26819021215597
2025-06-26,65.31683375492041
2025-06-27,63.77132049033371
2025-06-30,62.68871125942251
2025-07-01,62.01517367401787
2025-07-02,62.061474925742765
2025-07-03,61.088976388503255
2025-07-04,61.119353218659796
2025-07-07,59.995702971907114
2025-07-08,59.75138550137958
2025-07-09,60.5796983438245
2025-07-10,59.78313503926502
2025-07-11,60.015162094437194
2025-07-14,60.09709499102141
2025-07-15,59.572741755469295
2025-07-16,59.597436280204086
2025-07-17,58.86841121687317
2025-07-18,58.62380932188572
2025-07-21,59.78430241232243
2025-07-22,58.37801197850384
2025-07-23,58.47475635130772
2025-07-24,58.75882119061379
2025-07-25,57.13195772048041
2025-07-28,57.52499047599534
2025-07-29,58.0199247602397
2025-07-30,56.5395546390817
2025-07-31,54.858281062252445
2025-08-01,55.587069950448466
2025-08-04,55.852174850290005
2025-08-05,55.00043205950216
2025-08-06,54.71422018790639
2025-08-07,55.21354808308716
2025-08-08,56.290543323045426
2025-08-11,56.459659881864376
2025-08-12,56.30115707443007
2025-08-13,56.13392396785238
2025-08-14,57.3835696239848
2025-08-15,57.60541730453371
2025-08-18,58.11779065830168
2025-08-19,58.52787161838731
2025-08-20,58.21111606683077
2025-08-21,57.69853322899209
2025-08-22,57.6783026439124
2025-08-25,57.358384350444034
2025-08-26,58.0390204752822
2025-08-27,58.04145837683494
2025-08-28,58.017585723942986
2025-08-29,58.53831147971793
2025-09-01,57.65677360651487
2025-09-02,57.74198110849513
2025-09-03,57.71902650019211
2025-09-04,57.77735096959601
2025-09-05,57.0945047562028
2025-09-08,57.49748062361139
2025-09-09,57.24101238002438
2025-09-10,57.30675771580065
2025-09-11,57.26968747314767
2025-09-12,57.245759853482426
2025-09-15,57.95365287338872
2025-09-16,57.82401193016356
2025-09-17,57.74102666690856
2025-09-18,58.56043350573113
2025-09-19,58.968994180391284
2025-09-22,59.56913607644412
2025-09-23,59.26479452989967
2025-09-24,58.767970421946615
2025-09-25,59.74622987890038
2025-09-26,59.945608133350945
2025-09-29,59.41370424327527
2025-09-30,60.11597047080096
2025-10-01,60.267964135094
2025-10-02,61.294458244055484
2025-10-03,60.83239293524771
2025-10-06,60.874052063127046
2025-10-07,60.17770914013209
2025-10-08,60.91258684235186
2025-10-09,61.50283535918193
2025-10-10,62.3851864486723
2025-10-13,62.52768880762951
2025-10-14,61.892793445740224
2025-10-15,61.77658792745869
2025-10-16,61.86568359608549
2025-10-17,62.5647222769964
2025-10-20,62.85086758134767
2025-10-21,63.292716452880526
2025-10-22,64.32570835457288
2025-10-23,63.92075168778537
2025-10-24,64.99738712958784
2025-10-27,65.5939292337349
2025-10-28,65.55014506126768
2025-10-29,66.66641951967136
2025-10-30,66.58175238152793
2025-10-31,67.15515762699259
2025-11-03,67.3940050114922
2025-11-04,66.24433973407268
2025-11-05,65.70625824450497
2025-11-06,65.66489251566017
2025-11-07,67.35055926046233
2025-11-10,67.13797225809004
2025-11-11,67.77908862808489
2025-11-12,67.33440663754486
2025-11-13,67.88887659479803
2025-11-14,67.37337617498595
2025-11-17,67.15723954262313
2025-11-18,66.01438186660248
2025-11-19,64.00013271203845
2025-11-20,65.05552926564032
2025-11-21,65.99185878333014
2025-11-24,66.68493422525319
2025-11-25,66.05450688587793
2025-11-26,65.77910204852323
2025-11-27,64.76035411083517
2025-11-28,64.03559027203168
2025-12-01,64.12609038634962
2025-12-02,63.860950521611414
2025-12-03,63.53430782658691
2025-12-04,63.08365901577341
2025-12-05,63.30298831043779
2025-12-08,63.18064643892454
2025-12-09,62.81587888822787
2025-12-10,61.86097350125136
2025-12-11,62.462505153728344
2025-12-12,62.59886564617726
2025-12-15,62.62440905892965
2025-12-16,62.97874785855979
2025-12-17,63.17562043225564
2025-12-18,63.89131465156601
2025-12-19,63.98357560657336
2025-12-22,63.531281352937675
2025-12-23,63.27437905365449
2025-12-24,62.413109047575745
2025-12-25,62.33331422151155
2025-12-26,62.37421922499761
2025-12-29,62.52876933281575
2025-12-30,62.73920186129415
2025-12-31,63.50584398078072
2026-01-01,63.41409815427175
2026-01-02,62.980034712784274
2026-01-05,61.964783552982695
2026-01-06,62.764426480679106
2026-01-07,62.306276905994714
2026-01-08,62.222315187004774
2026-01-09,61.83823332864306
2026-01-12,62.02272272182158
2026-01-13,61.74661849073303
2026-01-14,61.49966654516076
2026-01-15,61.23161311979325
2026-01-16,61.90299596152392
2026-01-19,62.44712305007126
2026-01-20,63.30275526153844
2026-01-21,63.18723258366684
2026-01-22,63.639339428170906
2026-01-23,63.439724703742286
2026-01-26,62.164438164250434
2026-01-27,62.16128610027308
2026-01-28,61.81644349819083
2026-01-29,60.91597687724823
2026-01-30,62.67619179363086
2026-02-02,62.684777672820466
2026-02-03,62.373126691793104
2026-02-04,62.53127449605449
2026-02-05,62.358720125084666
2026-02-06,62.61794707560515
2026-02-09,62.173198334774746
2026-02-10,61.26336238492832
2026-02-11,60.762263048421225
2026-02-12,59.987134006232935
2026-02-13,60.150562854332115
2026-02-16,60.00249859503898
2026-02-17,60.70719571870205
2026-02-18,61.24817711277776
2026-02-19,60.4414153447763
2026-02-20,60.6986883579419
2026-02-23,61.39077574338631
2026-02-24,61.64872529229939
2026-02-25,62.47396148624587
2026-02-26,62.21169088605646
2026-02-27,63.80255798188615
2026-03-02,63.717077403194644
2026-03-03,63.75088034037771
2026-03-04,63.30323328389211
2026-03-05,63.29176586756316
2026-03-06,62.48920729168791
2026-03-09,63.45783829338144
2026-03-10,63.360450022423564
2026-03-11,62.672554490928015
2026-03-12,62.12661000752857
2026-03-13,62.14953987650978
2026-03-16,62.667305770362226
2026-03-17,63.436847025583084
2026-03-18,63.71494638422575
2026-03-19,63.63406870236214
2026-03-20,63.064217291872325
2026-03-23,63.47269742485474
2026-03-24,63.14288777212843
2026-03-25,62.03853002783853
2026-03-26,61.577632595755084
2026-03-27,61.278025461449026
2026-03-30,60.957068246117785
2026-03-31,60.16457777760377
2026-04-01,60.13911750633483
2026-04-02,59.56982852459205
2026-04-03,60.73462788426559
2026-04-06,60.387208654821336
2026-04-07,60.17961723827048
2026-04-08,60.665662375370175
2026-04-09,61.21964695037665
2026-04-10,60.220514716054005
2026-04-13,59.84631167588637
2026-04-14,58.966617243608766
2026-04-15,59.009914602480286
2026-04-16,59.65406561295702
2026-04-17,59.13396186774552
2026-04-20,60.041425895337355
