Date,VGIT
2021-04-19,58.65985107421875
2021-04-20,58.772613525390625
2021-04-21,58.78130340576172
2021-04-22,58.78998947143555
2021-04-23,58.74660110473633
2021-04-26,58.70322799682617
2021-04-27,58.57310485839844
2021-04-28,58.65985107421875
2021-04-29,58.607765197753906
2021-04-30,58.65985107421875
2021-05-03,58.713687896728516
2021-05-04,58.74840545654297
2021-05-05,58.80921173095703
2021-05-06,58.80921173095703
2021-05-07,58.87867736816406
2021-05-10,58.81787109375
2021-05-11,58.76577377319336
2021-05-12,58.58342742919922
2021-05-13,58.70499801635742
2021-05-14,58.757110595703125
2021-05-17,58.731048583984375
2021-05-18,58.74840545654297
2021-05-19,58.66156005859375
2021-05-20,58.76577377319336
2021-05-21,58.77446365356445
2021-05-24,58.80051040649414
2021-05-25,58.939453125
2021-05-26,58.896053314208984
2021-05-27,58.84395217895508
2021-05-28,58.84395217895508
2021-06-01,58.86478805541992
2021-06-02,58.890869140625
2021-06-03,58.76918411254883
2021-06-04,58.96043395996094
2021-06-07,58.93435287475586
2021-06-08,59.021278381347656
2021-06-09,59.11689376831055
2021-06-10,59.221195220947266
2021-06-11,59.16903305053711
2021-06-14,59.047340393066406
2021-06-15,59.0560302734375
2021-06-16,58.743106842041016
2021-06-17,58.812652587890625
2021-06-18,58.90828323364258
2021-06-21,58.830055236816406
2021-06-22,58.91697692871094
2021-06-23,58.830055236816406
2021-06-24,58.830055236816406
2021-06-25,58.76048278808594
2021-06-28,58.86478805541992
2021-06-29,58.890869140625
2021-06-30,58.94303894042969
2021-07-01,58.891685485839844
2021-07-02,59.01352310180664
2021-07-06,59.2136116027832
2021-07-07,59.291934967041016
2021-07-08,59.41370391845703
2021-07-09,59.248416900634766
2021-07-12,59.2136116027832
2021-07-13,59.08309555053711
2021-07-14,59.248416900634766
2021-07-15,59.36152648925781
2021-07-16,59.3441162109375
2021-07-19,59.62251281738281
2021-07-20,59.62251281738281
2021-07-21,59.448524475097656
2021-07-22,59.544212341308594
2021-07-23,59.49203109741211
2021-07-26,59.474632263183594
2021-07-27,59.605133056640625
2021-07-28,59.62251281738281
2021-07-29,59.51811599731445
2021-07-30,59.63994216918945
2021-08-02,59.785362243652344
2021-08-03,59.81147766113281
2021-08-04,59.75053405761719
2021-08-05,59.602474212646484
2021-08-06,59.4108772277832
2021-08-09,59.33251953125
2021-08-10,59.26284408569336
2021-08-11,59.315101623535156
2021-08-12,59.26284408569336
2021-08-13,59.42831039428711
2021-08-16,59.524105072021484
2021-08-17,59.489253997802734
2021-08-18,59.463134765625
2021-08-19,59.5153923034668
2021-08-20,59.480552673339844
2021-08-23,59.49801254272461
2021-08-24,59.4108772277832
2021-08-25,59.30638122558594
2021-08-26,59.28026580810547
2021-08-27,59.41959762573242
2021-08-30,59.5153923034668
2021-08-31,59.463134765625
2021-09-01,59.48495101928711
2021-09-02,59.511077880859375
2021-09-03,59.45876693725586
2021-09-07,59.328025817871094
2021-09-08,59.397762298583984
2021-09-09,59.48495101928711
2021-09-10,59.38032531738281
2021-09-13,59.42391586303711
2021-09-14,59.52851486206055
2021-09-15,59.46746826171875
2021-09-16,59.345455169677734
2021-09-17,59.240867614746094
2021-09-20,59.397762298583984
2021-09-21,59.3890495300293
2021-09-22,59.362892150878906
2021-09-23,59.07523727416992
2021-09-24,58.97933578491211
2021-09-27,58.88345718383789
2021-09-28,58.787567138671875
2021-09-29,58.84861373901367
2021-09-30,58.88345718383789
2021-10-01,59.05009078979492
2021-10-04,58.98902130126953
2021-10-05,58.901798248291016
2021-10-06,58.88431930541992
2021-10-07,58.76219177246094
2021-10-08,58.683650970458984
2021-10-11,58.55278396606445
2021-10-12,58.683650970458984
2021-10-13,58.70109939575195
2021-10-14,58.77962875366211
2021-10-15,58.58768081665039
2021-10-18,58.50042724609375
2021-10-19,58.421875
2021-10-20,58.43061447143555
2021-10-21,58.28229522705078
2021-10-22,58.35211181640625
2021-10-25,58.421875
2021-10-26,58.41316604614258
2021-10-27,58.55278396606445
2021-10-28,58.46553421020508
2021-10-29,58.4567985534668
2021-11-01,58.47511672973633
2021-11-02,58.606143951416016
2021-11-03,58.51007080078125
2021-11-04,58.710933685302734
2021-11-05,58.87685012817383
2021-11-08,58.69345474243164
2021-11-09,58.85939025878906
2021-11-10,58.440216064453125
2021-11-11,58.32670593261719
2021-11-12,58.42275619506836
2021-11-15,58.30049133300781
2021-11-16,58.28303527832031
2021-11-17,58.414024353027344
2021-11-18,58.43147659301758
2021-11-19,58.46639633178711
2021-11-22,58.17823028564453
2021-11-23,58.08216094970703
2021-11-24,58.134559631347656
2021-11-26,58.62358093261719
2021-11-29,58.58866500854492
2021-11-30,58.71966552734375
2021-12-01,58.79920959472656
2021-12-02,58.64187240600586
2021-12-03,58.851654052734375
2021-12-06,58.6680908203125
2021-12-07,58.48453903198242
2021-12-08,58.40586471557617
2021-12-09,58.475799560546875
2021-12-10,58.49327850341797
2021-12-13,58.63312530517578
2021-12-14,58.580684661865234
2021-12-15,58.51948547363281
2021-12-16,58.6943244934082
2021-12-17,58.74674606323242
2021-12-20,58.75550079345703
2021-12-21,58.59816360473633
2021-12-22,58.61564636230469
2021-12-23,58.535587310791016
2021-12-27,58.526798248291016
2021-12-28,58.55318069458008
2021-12-29,58.41242218017578
2021-12-30,58.526798248291016
2021-12-31,58.47401428222656
2022-01-03,58.174922943115234
2022-01-04,58.192508697509766
2022-01-05,57.99897384643555
2022-01-06,57.86703109741211
2022-01-07,57.75266647338867
2022-01-10,57.71746826171875
2022-01-11,57.7966423034668
2022-01-12,57.81423568725586
2022-01-13,57.91979217529297
2022-01-14,57.6734733581543
2022-01-18,57.35679626464844
2022-01-19,57.462364196777344
2022-01-20,57.49755096435547
2022-01-21,57.72626876831055
2022-01-24,57.72626876831055
2022-01-25,57.66471481323242
2022-01-26,57.3831901550293
2022-01-27,57.43596649169922
2022-01-28,57.55031967163086
2022-01-31,57.55031967163086
2022-02-01,57.517757415771484
2022-02-02,57.58818054199219
2022-02-03,57.44729232788086
2022-02-04,57.095088958740234
2022-02-07,57.13030242919922
2022-02-08,56.99821853637695
2022-02-09,57.0422477722168
2022-02-10,56.54033279418945
2022-02-11,56.945377349853516
2022-02-14,56.672428131103516
2022-02-15,56.610782623291016
2022-02-16,56.73405456542969
2022-02-17,56.91896057128906
2022-02-18,56.989418029785156
2022-02-22,56.989418029785156
2022-02-23,56.79568862915039
2022-02-24,56.91017532348633
2022-02-25,56.892555236816406
2022-02-28,57.28880310058594
2022-03-01,57.71977615356445
2022-03-02,57.138099670410156
2022-03-03,57.2614860534668
2022-03-04,57.61402130126953
2022-03-07,57.4289436340332
2022-03-08,57.138099670410156
2022-03-09,56.953006744384766
2022-03-10,56.75910949707031
2022-03-11,56.715049743652344
2022-03-14,56.24791717529297
2022-03-15,56.2391242980957
2022-03-16,56.11572265625
2022-03-17,56.06284713745117
2022-03-18,56.159793853759766
2022-03-21,55.622161865234375
2022-03-22,55.445892333984375
2022-03-23,55.64860153198242
2022-03-24,55.481143951416016
2022-03-25,55.02284240722656
2022-03-28,55.0669059753418
2022-03-29,55.26081848144531
2022-03-30,55.393009185791016
2022-03-31,55.445892333984375
2022-04-01,55.10004425048828
2022-04-04,55.1441535949707
2022-04-05,54.685359954833984
2022-04-06,54.66769027709961
2022-04-07,54.658870697021484
2022-04-08,54.46477127075195
2022-04-11,54.37654113769531
2022-04-12,54.658870697021484
2022-04-13,54.72064971923828
2022-04-14,54.37654113769531
2022-04-18,54.31478500366211
2022-04-19,53.99714660644531
2022-04-20,54.22654342651367
2022-04-21,54.0059814453125
2022-04-22,54.04125213623047
2022-04-25,54.261844635009766
2022-04-26,54.53535842895508
2022-04-27,54.38536071777344
2022-04-28,54.261844635009766
2022-04-29,54.07655715942383
2022-05-02,53.842498779296875
2022-05-03,53.8513298034668
2022-05-04,54.15163803100586
2022-05-05,53.824825286865234
2022-05-06,53.65700912475586
2022-05-09,53.983821868896484
2022-05-10,54.06331253051758
2022-05-11,54.21345901489258
2022-05-12,54.35477828979492
2022-05-13,54.17812728881836
2022-05-16,54.33712387084961
2022-05-17,54.01913833618164
2022-05-18,54.23112869262695
2022-05-19,54.3724479675293
2022-05-20,54.531429290771484
2022-05-23,54.3194580078125
2022-05-24,54.655086517333984
2022-05-25,54.77873992919922
2022-05-26,54.74341583251953
2022-05-27,54.73457717895508
2022-05-31,54.434268951416016
2022-06-01,54.18930435180664
2022-06-02,54.23353958129883
2022-06-03,54.16278076171875
2022-06-06,53.897499084472656
2022-06-07,54.038997650146484
2022-06-08,53.906349182128906
2022-06-09,53.870967864990234
2022-06-10,53.41999816894531
2022-06-13,52.73023223876953
2022-06-14,52.47380447387695
2022-06-15,53.013206481933594
2022-06-16,53.243125915527344
2022-06-17,53.172386169433594
2022-06-21,53.05741500854492
2022-06-22,53.50841522216797
2022-06-23,53.72949981689453
2022-06-24,53.63220977783203
2022-06-27,53.446510314941406
2022-06-28,53.446510314941406
2022-06-29,53.73833084106445
2022-06-30,54.08320617675781
2022-07-01,54.48961639404297
2022-07-05,54.604732513427734
2022-07-06,54.26826095581055
2022-07-07,54.046905517578125
2022-07-08,53.8432502746582
2022-07-11,54.06460952758789
2022-07-12,54.170867919921875
2022-07-13,54.18857192993164
2022-07-14,54.02919006347656
2022-07-15,54.144290924072266
2022-07-18,54.055755615234375
2022-07-19,53.869815826416016
2022-07-20,53.81669616699219
2022-07-21,54.26826095581055
2022-07-22,54.684417724609375
2022-07-25,54.578155517578125
2022-07-26,54.58702087402344
2022-07-27,54.71097183227539
2022-07-28,55.109432220458984
2022-07-29,55.1182861328125
2022-08-01,55.25837707519531
2022-08-02,54.682029724121094
2022-08-03,54.78842544555664
2022-08-04,55.02783203125
2022-08-05,54.43375778198242
2022-08-08,54.62882995605469
2022-08-09,54.49583435058594
2022-08-10,54.56676483154297
2022-08-11,54.35395050048828
2022-08-12,54.47808074951172
2022-08-15,54.61996078491211
2022-08-16,54.531288146972656
2022-08-17,54.27415084838867
2022-08-18,54.35395050048828
2022-08-19,54.13227844238281
2022-08-22,53.946075439453125
2022-08-23,53.90174865722656
2022-08-24,53.751007080078125
2022-08-25,53.946075439453125
2022-08-26,53.88401794433594
2022-08-29,53.69780731201172
2022-08-30,53.680076599121094
2022-08-31,53.55593490600586
2022-09-01,53.30816650390625
2022-09-02,53.57459259033203
2022-09-06,53.15721893310547
2022-09-07,53.41474151611328
2022-09-08,53.26377487182617
2022-09-09,53.21936798095703
2022-09-12,53.19272994995117
2022-09-13,52.899681091308594
2022-09-14,52.86415100097656
2022-09-15,52.730960845947266
2022-09-16,52.793113708496094
2022-09-19,52.642154693603516
2022-09-20,52.49119186401367
2022-09-21,52.55335998535156
2022-09-22,52.04717254638672
2022-09-23,52.002777099609375
2022-09-26,51.45219421386719
2022-09-27,51.26571273803711
2022-09-28,52.073822021484375
2022-09-29,51.89621353149414
2022-09-30,51.78076934814453
2022-10-03,52.178375244140625
2022-10-04,52.28512954711914
2022-10-05,51.955997467041016
2022-10-06,51.76031494140625
2022-10-07,51.591304779052734
2022-10-10,51.44007873535156
2022-10-11,51.502357482910156
2022-10-12,51.644676208496094
2022-10-13,51.404510498046875
2022-10-14,51.253292083740234
2022-10-17,51.32445526123047
2022-10-18,51.42230224609375
2022-10-19,51.057613372802734
2022-10-20,50.82633972167969
2022-10-21,51.022029876708984
2022-10-24,51.00423812866211
2022-10-25,51.342247009277344
2022-10-26,51.493465423583984
2022-10-27,51.786991119384766
2022-10-28,51.555728912353516
2022-10-31,51.404510498046875
2022-11-01,51.33856201171875
2022-11-02,51.33856201171875
2022-11-03,51.12467575073242
2022-11-04,51.14250946044922
2022-11-07,51.01776123046875
2022-11-08,51.231632232666016
2022-11-09,51.38313674926758
2022-11-10,52.22079086303711
2022-11-11,52.16732406616211
2022-11-14,52.06039047241211
2022-11-15,52.28317642211914
2022-11-16,52.54158401489258
2022-11-17,52.28317642211914
2022-11-18,52.131683349609375
2022-11-21,52.122772216796875
2022-11-22,52.256431579589844
2022-11-23,52.41684341430664
2022-11-25,52.434669494628906
2022-11-28,52.47031784057617
2022-11-29,52.33663558959961
2022-11-30,52.70201110839844
2022-12-01,53.08592224121094
2022-12-02,53.13947677612305
2022-12-05,52.74664306640625
2022-12-06,52.907352447509766
2022-12-07,53.26448059082031
2022-12-08,53.04126739501953
2022-12-09,52.85378646850586
2022-12-12,52.7823600769043
2022-12-13,53.112701416015625
2022-12-14,53.21091079711914
2022-12-15,53.27338409423828
2022-12-16,53.21984100341797
2022-12-19,52.96091842651367
2022-12-20,52.773433685302734
2022-12-21,52.83591842651367
2022-12-22,52.79127883911133
2022-12-23,52.66514205932617
2022-12-27,52.369930267333984
2022-12-28,52.32520294189453
2022-12-29,52.44149398803711
2022-12-30,52.31625747680664
2023-01-03,52.52200698852539
2023-01-04,52.75461196899414
2023-01-05,52.674102783203125
2023-01-06,53.18400955200195
2023-01-09,53.282413482666016
2023-01-10,53.12139892578125
2023-01-11,53.3271598815918
2023-01-12,53.67604446411133
2023-01-13,53.47029113769531
2023-01-17,53.43452072143555
2023-01-18,53.90864181518555
2023-01-19,53.810237884521484
2023-01-20,53.58658218383789
2023-01-23,53.452392578125
2023-01-24,53.622379302978516
2023-01-25,53.67604446411133
2023-01-26,53.55079650878906
2023-01-27,53.47029113769531
2023-01-30,53.35400390625
2023-01-31,53.559749603271484
2023-02-01,53.8484001159668
2023-02-02,53.857364654541016
2023-02-03,53.409149169921875
2023-02-06,53.02368927001953
2023-02-07,52.969913482666016
2023-02-08,53.095401763916016
2023-02-09,52.92508316040039
2023-02-10,52.763729095458984
2023-02-13,52.826473236083984
2023-02-14,52.593406677246094
2023-02-15,52.521690368652344
2023-02-16,52.441017150878906
2023-02-17,52.55754470825195
2023-02-21,52.17209243774414
2023-02-22,52.23484802246094
2023-02-23,52.35137939453125
2023-02-24,52.10036849975586
2023-02-27,52.21689987182617
2023-02-28,52.25276184082031
2023-03-01,51.96982955932617
2023-03-02,51.84408187866211
2023-03-03,52.077613830566406
2023-03-06,52.014732360839844
2023-03-07,51.9428825378418
2023-03-08,51.89796829223633
2023-03-09,52.221317291259766
2023-03-10,52.89496612548828
2023-03-13,53.53268814086914
2023-03-14,53.164424896240234
2023-03-15,53.81113052368164
2023-03-16,53.40694808959961
2023-03-17,53.92790222167969
2023-03-20,53.73929977416992
2023-03-21,53.36204528808594
2023-03-22,53.918914794921875
2023-03-23,54.24226379394531
2023-03-24,54.224308013916016
2023-03-27,53.7213134765625
2023-03-28,53.64047622680664
2023-03-29,53.56862258911133
2023-03-30,53.63148880004883
2023-03-31,53.85604476928711
2023-04-03,54.04956817626953
2023-04-04,54.33758544921875
2023-04-05,54.472591400146484
2023-04-06,54.481605529785156
2023-04-10,54.076560974121094
2023-04-11,54.04956817626953
2023-04-12,54.211585998535156
2023-04-13,54.12157440185547
2023-04-14,53.905555725097656
2023-04-17,53.64452362060547
2023-04-18,53.69853210449219
2023-04-19,53.6085205078125
2023-04-20,53.84254837036133
2023-04-21,53.76155471801758
2023-04-24,53.950557708740234
2023-04-25,54.400596618652344
2023-04-26,54.2565803527832
2023-04-27,53.950557708740234
2023-04-28,54.247581481933594
2023-05-01,53.82548522949219
2023-05-02,54.339576721191406
2023-05-03,54.646217346191406
2023-05-04,54.70032501220703
2023-05-05,54.43878936767578
2023-05-08,54.21331787109375
2023-05-09,54.168212890625
2023-05-10,54.50191879272461
2023-05-11,54.60112380981445
2023-05-12,54.35761642456055
2023-05-15,54.31250762939453
2023-05-16,54.18624496459961
2023-05-17,54.014888763427734
2023-05-18,53.762359619140625
2023-05-19,53.59098815917969
2023-05-22,53.554927825927734
2023-05-23,53.60904312133789
2023-05-24,53.50082015991211
2023-05-25,53.20317840576172
2023-05-26,53.19416427612305
2023-05-30,53.527862548828125
2023-05-31,53.672176361083984
2023-06-01,53.80683135986328
2023-06-02,53.45433044433594
2023-06-05,53.46337890625
2023-06-06,53.45433044433594
2023-06-07,53.219337463378906
2023-06-08,53.46337890625
2023-06-09,53.29164123535156
2023-06-12,53.38203430175781
2023-06-13,53.10182571411133
2023-06-14,53.09280014038086
2023-06-15,53.41817855834961
2023-06-16,53.219337463378906
2023-06-20,53.30971908569336
2023-06-21,53.33683395385742
2023-06-22,53.14702224731445
2023-06-23,53.255496978759766
2023-06-26,53.36395263671875
2023-06-27,53.201263427734375
2023-06-28,53.36395263671875
2023-06-29,52.97528839111328
2023-06-30,53.020477294921875
2023-07-03,52.86468505859375
2023-07-05,52.710689544677734
2023-07-06,52.42081832885742
2023-07-07,52.42081832885742
2023-07-10,52.66539764404297
2023-07-11,52.701629638671875
2023-07-12,53.1092529296875
2023-07-13,53.48970413208008
2023-07-14,53.24513244628906
2023-07-17,53.317588806152344
2023-07-18,53.34476852416992
2023-07-19,53.44441604614258
2023-07-20,53.16359329223633
2023-07-21,53.17266845703125
2023-07-24,53.06395721435547
2023-07-25,53.00054931640625
2023-07-26,53.13642501831055
2023-07-27,52.77409362792969
2023-07-28,52.92808532714844
2023-07-31,52.97337341308594
2023-08-01,52.79001235961914
2023-08-02,52.7718391418457
2023-08-03,52.56303787231445
2023-08-04,52.962486267089844
2023-08-07,52.89894485473633
2023-08-08,53.05327224731445
2023-08-09,53.044185638427734
2023-08-10,52.808162689208984
2023-08-11,52.59028625488281
2023-08-14,52.490413665771484
2023-08-15,52.46318435668945
2023-08-16,52.34516525268555
2023-08-17,52.34516525268555
2023-08-18,52.43595504760742
2023-08-21,52.227134704589844
2023-08-22,52.19084167480469
2023-08-23,52.56303787231445
2023-08-24,52.445030212402344
2023-08-25,52.381473541259766
2023-08-28,52.48133850097656
2023-08-29,52.79001235961914
2023-08-30,52.7718391418457
2023-08-31,52.889869689941406
2023-09-01,52.70331573486328
2023-09-05,52.503143310546875
2023-09-06,52.3575553894043
2023-09-07,52.52134323120117
2023-09-08,52.49404525756836
2023-09-11,52.466739654541016
2023-09-12,52.475852966308594
2023-09-13,52.548641204833984
2023-09-14,52.475852966308594
2023-09-15,52.38484573364258
2023-09-18,52.38484573364258
2023-09-19,52.2392578125
2023-09-20,52.18466567993164
2023-09-21,52.0208740234375
2023-09-22,52.16645812988281
2023-09-25,51.96627426147461
2023-09-26,51.97538757324219
2023-09-27,51.802494049072266
2023-09-28,51.96627426147461
2023-09-29,52.0026741027832
2023-10-02,51.72721481323242
2023-10-03,51.480934143066406
2023-10-04,51.71809005737305
2023-10-05,51.82755661010742
2023-10-06,51.62687301635742
2023-10-09,52.09206008911133
2023-10-10,52.0008544921875
2023-10-11,52.11942672729492
2023-10-12,51.818416595458984
2023-10-13,51.991729736328125
2023-10-16,51.80017852783203
2023-10-17,51.4444580078125
2023-10-18,51.30762481689453
2023-10-19,51.21641159057617
2023-10-20,51.46269226074219
2023-10-23,51.59951400756836
2023-10-24,51.61776351928711
2023-10-25,51.353240966796875
2023-10-26,51.635990142822266
2023-10-27,51.72721481323242
2023-10-30,51.59951400756836
2023-10-31,51.55390548706055
2023-11-01,51.94625473022461
2023-11-02,52.09257125854492
2023-11-03,52.43096160888672
2023-11-06,52.202327728271484
2023-11-07,52.3760986328125
2023-11-08,52.46753692626953
2023-11-09,52.1291618347168
2023-11-10,52.1383056640625
2023-11-13,52.147438049316406
2023-11-14,52.72361373901367
2023-11-15,52.44924545288086
2023-11-16,52.732757568359375
2023-11-17,52.70532989501953
2023-11-20,52.741905212402344
2023-11-21,52.8242073059082
2023-11-22,52.79677963256836
2023-11-24,52.62301254272461
2023-11-27,52.879085540771484
2023-11-28,53.09857940673828
2023-11-29,53.299774169921875
2023-11-30,53.15345001220703
2023-12-01,53.50925827026367
2023-12-04,53.33502197265625
2023-12-05,53.57345962524414
2023-12-06,53.68350601196289
2023-12-07,53.64682388305664
2023-12-08,53.371700286865234
2023-12-11,53.371700286865234
2023-12-12,53.46340560913086
2023-12-13,54.07783126831055
2023-12-14,54.35294723510742
2023-12-15,54.29792022705078
2023-12-18,54.224544525146484
2023-12-19,54.27957534790039
2023-12-20,54.47215270996094
2023-12-21,54.46297836303711
2023-12-22,54.451026916503906
2023-12-26,54.451026916503906
2023-12-27,54.72690963745117
2023-12-28,54.59816360473633
2023-12-29,54.55219268798828
2024-01-02,54.37746047973633
2024-01-03,54.48781967163086
2024-01-04,54.27629089355469
2024-01-05,54.156734466552734
2024-01-08,54.27629089355469
2024-01-09,54.29469299316406
2024-01-10,54.23950958251953
2024-01-11,54.497005462646484
2024-01-12,54.63495635986328
2024-01-16,54.36825942993164
2024-01-17,54.175140380859375
2024-01-18,54.12915802001953
2024-01-19,54.1015739440918
2024-01-22,54.22111892700195
2024-01-23,54.14755630493164
2024-01-24,54.0463981628418
2024-01-25,54.230308532714844
2024-01-26,54.156734466552734
2024-01-29,54.35906219482422
2024-01-30,54.349876403808594
2024-01-31,54.6993293762207
2024-02-01,54.890220642089844
2024-02-02,54.3922233581543
2024-02-05,54.02333450317383
2024-02-06,54.26311111450195
2024-02-07,54.18934631347656
2024-02-08,54.06945037841797
2024-02-09,54.00489044189453
2024-02-12,54.04179000854492
2024-02-13,53.5806770324707
2024-02-14,53.746673583984375
2024-02-15,53.87577819824219
2024-02-16,53.691349029541016
2024-02-20,53.7835693359375
2024-02-21,53.645225524902344
2024-02-22,53.62678527832031
2024-02-23,53.76511764526367
2024-02-26,53.700565338134766
2024-02-27,53.636009216308594
2024-02-28,53.77434158325195
2024-02-29,53.86656188964844
2024-03-01,54.069984436035156
2024-03-04,53.97751998901367
2024-03-05,54.17168045043945
2024-03-06,54.23640441894531
2024-03-07,54.347347259521484
2024-03-08,54.402828216552734
2024-03-11,54.328857421875
2024-03-12,54.17168045043945
2024-03-13,54.079219818115234
2024-03-14,53.820335388183594
2024-03-15,53.74636459350586
2024-03-18,53.69089126586914
2024-03-19,53.801849365234375
2024-03-20,53.9312858581543
2024-03-21,53.94977951049805
2024-03-22,54.11620330810547
2024-03-25,54.032989501953125
2024-03-26,54.079219818115234
2024-03-27,54.217918395996094
2024-03-28,54.13469696044922
2024-04-01,53.824951171875
2024-04-02,53.79713821411133
2024-04-03,53.834224700927734
2024-04-04,53.973331451416016
2024-04-05,53.69512176513672
2024-04-08,53.611656188964844
2024-04-09,53.760040283203125
2024-04-10,53.17578125
2024-04-11,53.1943359375
2024-04-12,53.351985931396484
2024-04-15,53.14796447753906
2024-04-16,53.00885772705078
2024-04-17,53.2221565246582
2024-04-18,53.083045959472656
2024-04-19,53.120140075683594
2024-04-22,53.13869857788086
2024-04-23,53.2221565246582
2024-04-24,53.13869857788086
2024-04-25,52.99031448364258
2024-04-26,53.06449890136719
2024-04-29,53.203617095947266
2024-04-30,53.036678314208984
2024-05-01,53.189239501953125
2024-05-02,53.40318298339844
2024-05-03,53.63573455810547
2024-05-06,53.66364288330078
2024-05-07,53.719459533691406
2024-05-08,53.645042419433594
2024-05-09,53.75666809082031
2024-05-10,53.63573455810547
2024-05-13,53.66364288330078
2024-05-14,53.79386520385742
2024-05-15,54.072933197021484
2024-05-16,53.98921203613281
2024-05-17,53.886905670166016
2024-05-20,53.831092834472656
2024-05-21,53.92410659790039
2024-05-22,53.84968566894531
2024-05-23,53.719459533691406
2024-05-24,53.74735641479492
2024-05-28,53.570621490478516
2024-05-29,53.42178726196289
2024-05-30,53.59851837158203
2024-05-31,53.79386520385742
2024-06-03,54.00755310058594
2024-06-04,54.21282958984375
2024-06-05,54.34347152709961
2024-06-06,54.34347152709961
2024-06-07,53.951560974121094
2024-06-10,53.90491485595703
2024-06-11,54.08219909667969
2024-06-12,54.296817779541016
2024-06-13,54.54875183105469
2024-06-14,54.614070892333984
2024-06-17,54.42744827270508
2024-06-18,54.60474395751953
2024-06-20,54.520755767822266
2024-06-21,54.53940963745117
2024-06-24,54.55807113647461
2024-06-25,54.56740951538086
2024-06-26,54.371456146240234
2024-06-27,54.45543670654297
2024-06-28,54.33412551879883
2024-07-01,54.09733963012695
2024-07-02,54.219024658203125
2024-07-03,54.452999114990234
2024-07-05,54.69634246826172
2024-07-08,54.68698501586914
2024-07-09,54.649539947509766
2024-07-10,54.67762756347656
2024-07-11,54.95840072631836
2024-07-12,55.070716857910156
2024-07-15,54.99584197998047
2024-07-16,55.126869201660156
2024-07-17,55.14558792114258
2024-07-18,55.051998138427734
2024-07-19,54.94904708862305
2024-07-22,54.920963287353516
2024-07-23,54.95840072631836
2024-07-24,54.920963287353516
2024-07-25,54.99584197998047
2024-07-26,55.18303298950195
2024-07-29,55.229827880859375
2024-07-30,55.3046989440918
2024-07-31,55.61357116699219
2024-08-01,55.81541061401367
2024-08-02,56.46323776245117
2024-08-05,56.46323776245117
2024-08-06,56.1346321105957
2024-08-07,56.01258087158203
2024-08-08,55.90930938720703
2024-08-09,56.021968841552734
2024-08-12,56.14401626586914
2024-08-13,56.3317985534668
2024-08-14,56.359962463378906
2024-08-15,56.06890869140625
2024-08-16,56.153411865234375
2024-08-19,56.18157196044922
2024-08-20,56.359962463378906
2024-08-21,56.472618103027344
2024-08-22,56.266082763671875
2024-08-23,56.49140930175781
2024-08-26,56.43507766723633
2024-08-27,56.46323776245117
2024-08-28,56.44445037841797
2024-08-29,56.38813018798828
2024-08-30,56.27545928955078
2024-09-03,56.506195068359375
2024-09-04,56.760475158691406
2024-09-05,56.82639694213867
2024-09-06,56.958248138427734
2024-09-09,56.98649597167969
2024-09-10,57.17485809326172
2024-09-11,57.10894012451172
2024-09-12,57.06184387207031
2024-09-13,57.17485809326172
2024-09-16,57.259613037109375
2024-09-17,57.17485809326172
2024-09-18,57.042999267578125
2024-09-19,57.033599853515625
2024-09-20,57.042999267578125
2024-09-23,57.01475524902344
2024-09-24,57.09952163696289
2024-09-25,56.939414978027344
2024-09-26,56.87349319458008
2024-09-27,57.06184387207031
2024-09-30,56.901737213134766
2024-10-01,57.05287551879883
2024-10-02,56.95841979980469
2024-10-03,56.76950454711914
2024-10-04,56.306644439697266
2024-10-07,56.14606475830078
2024-10-08,56.19330596923828
2024-10-09,56.051612854003906
2024-10-10,56.0799560546875
2024-10-11,56.10829544067383
2024-10-14,56.02328109741211
2024-10-15,56.212196350097656
2024-10-16,56.26886749267578
2024-10-17,56.08940505981445
2024-10-18,56.15552520751953
2024-10-21,55.89103698730469
2024-10-22,55.84381103515625
2024-10-23,55.73990249633789
2024-10-24,55.806026458740234
2024-10-25,55.73046112060547
2024-10-28,55.626548767089844
2024-10-29,55.66434097290039
2024-10-30,55.569881439208984
2024-10-31,55.54154968261719
2024-11-01,55.35771560668945
2024-11-04,55.53775405883789
2024-11-05,55.52827453613281
2024-11-06,55.19662857055664
2024-11-07,55.50933074951172
2024-11-08,55.518798828125
2024-11-11,55.3956184387207
2024-11-12,55.177669525146484
2024-11-13,55.215579986572266
2024-11-14,55.158721923828125
2024-11-15,55.234535217285156
2024-11-18,55.31033706665039
2024-11-19,55.37666702270508
2024-11-20,55.31980895996094
2024-11-21,55.28190994262695
2024-11-22,55.291378021240234
2024-11-25,55.67041015625
2024-11-26,55.613555908203125
2024-11-27,55.76517868041992
2024-11-29,55.935733795166016
2024-12-02,55.91862869262695
2024-12-03,55.842586517333984
2024-12-04,55.99467086791992
2024-12-05,55.98516082763672
2024-12-06,56.11823654174805
2024-12-09,56.00417709350586
2024-12-10,55.91862869262695
2024-12-11,55.83308410644531
2024-12-12,55.70951461791992
2024-12-13,55.53843307495117
2024-12-16,55.55742263793945
2024-12-17,55.54793167114258
2024-12-18,55.20573806762695
2024-12-19,55.129703521728516
2024-12-20,55.272274017333984
2024-12-23,55.10118865966797
2024-12-24,55.129798889160156
2024-12-26,55.16793441772461
2024-12-27,55.10117721557617
2024-12-30,55.33005905151367
2024-12-31,55.31098937988281
2025-01-02,55.32052230834961
2025-01-03,55.2633056640625
2025-01-06,55.244239807128906
2025-01-07,55.08210754394531
2025-01-08,55.15840148925781
2025-01-10,54.84370040893555
2025-01-13,54.776947021484375
2025-01-14,54.80555725097656
2025-01-15,55.206085205078125
2025-01-16,55.33959197998047
2025-01-17,55.32052230834961
2025-01-21,55.43495559692383
2025-01-22,55.33005905151367
2025-01-23,55.25376892089844
2025-01-24,55.36820602416992
2025-01-27,55.60662078857422
2025-01-28,55.61613845825195
2025-01-29,55.55892562866211
2025-01-30,55.64476013183594
2025-01-31,55.62569046020508
2025-02-03,55.61707305908203
2025-02-04,55.6936149597168
2025-02-05,55.8945426940918
2025-02-06,55.846702575683594
2025-02-07,55.70318603515625
2025-02-10,55.70318603515625
2025-02-11,55.636207580566406
2025-02-12,55.35874557495117
2025-02-13,55.597938537597656
2025-02-14,55.77016830444336
2025-02-18,55.60750198364258
2025-02-19,55.6936149597168
2025-02-20,55.77016830444336
2025-02-21,55.99978256225586
2025-02-24,56.085899353027344
2025-02-25,56.38249969482422
2025-02-26,56.48774719238281
2025-02-27,56.47816467285156
2025-02-28,56.688663482666016
2025-03-03,56.82588577270508
2025-03-04,56.749114990234375
2025-03-05,56.52840805053711
2025-03-06,56.53800582885742
2025-03-07,56.49962615966797
2025-03-10,56.787498474121094
2025-03-11,56.65316390991211
2025-03-12,56.53800582885742
2025-03-13,56.70112991333008
2025-03-14,56.53800582885742
2025-03-17,56.53800582885742
2025-03-18,56.59558868408203
2025-03-19,56.73951721191406
2025-03-20,56.797080993652344
2025-03-21,56.797080993652344
2025-03-24,56.55720138549805
2025-03-25,56.65316390991211
2025-03-26,56.58598709106445
2025-03-27,56.576385498046875
2025-03-28,56.90264892578125
2025-03-31,56.998600006103516
2025-04-01,57.11991500854492
2025-04-02,57.0621452331543
2025-04-03,57.58203125
2025-04-04,57.66868209838867
2025-04-07,57.254703521728516
2025-04-08,57.11991500854492
2025-04-09,56.869590759277344
2025-04-10,56.75406265258789
2025-04-11,56.47487258911133
2025-04-14,56.84071350097656
2025-04-15,56.93699264526367
2025-04-16,57.14878845214844
2025-04-17,57.08140182495117
2025-04-21,56.946617126464844
2025-04-22,56.92736053466797
2025-04-23,56.91773223876953
2025-04-24,57.139163970947266
2025-04-25,57.2835807800293
2025-04-28,57.46649169921875
2025-04-29,57.60128402709961
2025-04-30,57.73606872558594
2025-05-01,57.50138854980469
2025-05-02,57.221317291259766
2025-05-05,57.163368225097656
2025-05-06,57.288917541503906
2025-05-07,57.366180419921875
2025-05-08,57.03782272338867
2025-05-09,57.066795349121094
2025-05-12,56.76740646362305
2025-05-13,56.757755279541016
2025-05-14,56.62255096435547
2025-05-15,56.8736457824707
2025-05-16,56.8929557800293
2025-05-19,56.91227722167969
2025-05-20,56.88330078125
2025-05-21,56.670841217041016
2025-05-22,56.796390533447266
2025-05-23,56.91227722167969
2025-05-27,57.047481536865234
2025-05-28,56.941246032714844
2025-05-29,57.10542297363281
2025-05-30,57.25994873046875
2025-06-02,57.128173828125
2025-06-03,57.0797233581543
2025-06-04,57.35102462768555
2025-06-05,57.21537399291992
2025-06-06,56.88594436645508
2025-06-09,56.96345520019531
2025-06-10,57.0215950012207
2025-06-11,57.2056884765625
2025-06-12,57.37040328979492
2025-06-13,57.23475646972656
2025-06-16,57.15724182128906
2025-06-17,57.31227493286133
2025-06-18,57.341339111328125
2025-06-20,57.40916442871094
2025-06-23,57.56418991088867
2025-06-24,57.70953369140625
2025-06-25,57.748291015625
2025-06-26,57.89362716674805
2025-06-27,57.79673385620117
2025-06-30,57.95176696777344
2025-07-01,57.82346725463867
2025-07-02,57.745704650878906
2025-07-03,57.590187072753906
2025-07-07,57.51242446899414
2025-07-08,57.4541130065918
2025-07-09,57.658226013183594
2025-07-10,57.62907028198242
2025-07-11,57.49299621582031
2025-07-14,57.49299621582031
2025-07-15,57.318031311035156
2025-07-16,57.47354507446289
2025-07-17,57.44438552856445
2025-07-18,57.57075119018555
2025-07-21,57.69710159301758
2025-07-22,57.80402755737305
2025-07-23,57.658226013183594
2025-07-24,57.590187072753906
2025-07-25,57.67766189575195
2025-07-28,57.6096305847168
2025-07-29,57.83318328857422
2025-07-30,57.67766189575195
2025-07-31,57.69710159301758
2025-08-01,58.265625
2025-08-04,58.29487609863281
2025-08-05,58.246124267578125
2025-08-06,58.246124267578125
2025-08-07,58.21686935424805
2025-08-08,58.10960006713867
2025-08-11,58.11935043334961
2025-08-12,58.12910461425781
2025-08-13,58.285125732421875
2025-08-14,58.15835952758789
2025-08-15,58.09984588623047
2025-08-18,58.07059097290039
2025-08-19,58.16810989379883
2025-08-20,58.226619720458984
2025-08-21,58.09009552001953
2025-08-22,58.35338592529297
2025-08-25,58.27537536621094
2025-08-26,58.411903381347656
2025-08-27,58.50941848754883
2025-08-28,58.56792449951172
2025-08-29,58.587425231933594
2025-09-02,58.47296905517578
2025-09-03,58.59035873413086
2025-09-04,58.74688720703125
2025-09-05,58.93276596069336
2025-09-08,59.020816802978516
2025-09-09,58.93276596069336
2025-09-10,58.9914665222168
2025-09-11,59.03059768676758
2025-09-12,58.93276596069336
2025-09-15,59.00124740600586
2025-09-16,59.050167083740234
2025-09-17,58.93276596069336
2025-09-18,58.82515335083008
2025-09-19,58.82515335083008
2025-09-22,58.75667190551758
2025-09-23,58.86428451538086
2025-09-24,58.73710632324219
2025-09-25,58.639278411865234
2025-09-26,58.639278411865234
2025-09-29,58.727325439453125
2025-09-30,58.727325439453125
2025-10-01,58.898067474365234
2025-10-02,58.937320709228516
2025-10-03,58.83919143676758
2025-10-06,58.741058349609375
2025-10-07,58.85881423950195
2025-10-08,58.81956481933594
2025-10-09,58.809749603271484
2025-10-10,59.074703216552734
2025-10-13,59.1237678527832
2025-10-14,59.22189712524414
2025-10-15,59.1728401184082
2025-10-16,59.38872146606445
2025-10-17,59.29058837890625
2025-10-20,59.33966064453125
2025-10-21,59.408355712890625
2025-10-22,59.408355712890625
2025-10-23,59.27096176147461
2025-10-24,59.320037841796875
2025-10-27,59.29058837890625
2025-10-28,59.32984161376953
2025-10-29,59.03545379638672
2025-10-30,59.006011962890625
2025-10-31,59.05508041381836
2025-11-03,59.036373138427734
2025-11-04,59.095436096191406
2025-11-05,58.90839385986328
2025-11-06,59.134822845458984
2025-11-07,59.16435241699219
2025-11-10,59.095436096191406
2025-11-11,59.23325729370117
2025-11-12,59.23325729370117
2025-11-13,59.124977111816406
2025-11-14,59.0659065246582
2025-11-17,59.095436096191406
2025-11-18,59.19388961791992
2025-11-19,59.16435241699219
2025-11-20,59.272640228271484
2025-11-21,59.42030334472656
2025-11-24,59.45968246459961
2025-11-25,59.577816009521484
2025-11-26,59.597503662109375
2025-11-28,59.51874923706055
2025-12-01,59.327178955078125
2025-12-02,59.376556396484375
2025-12-03,59.45555114746094
2025-12-04,59.33705520629883
2025-12-05,59.23830795288086
2025-12-08,59.15930938720703
2025-12-09,59.08031463623047
2025-12-10,59.23830795288086
2025-12-11,59.258052825927734
2025-12-12,59.179054260253906
2025-12-15,59.23830795288086
2025-12-16,59.33705520629883
2025-12-17,59.346927642822266
2025-12-18,59.459861755371094
2025-12-19,59.37070083618164
2025-12-22,59.321170806884766
2025-12-23,59.27164077758789
2025-12-24,59.37070083618164
2025-12-26,59.4400520324707
2025-12-29,59.51930236816406
2025-12-30,59.479679107666016
2025-12-31,59.37070083618164
2026-01-02,59.35089111328125
2026-01-05,59.459861755371094
2026-01-06,59.449954986572266
2026-01-07,59.49949264526367
2026-01-08,59.38060760498047
2026-01-09,59.38060760498047
2026-01-12,59.35089111328125
2026-01-13,59.400421142578125
2026-01-14,59.479679107666016
2026-01-15,59.37070083618164
2026-01-16,59.23200988769531
2026-01-20,59.1230354309082
2026-01-21,59.212196350097656
2026-01-22,59.18247985839844
2026-01-23,59.23200988769531
2026-01-26,59.29145050048828
2026-01-27,59.28153991699219
2026-01-28,59.25182342529297
2026-01-29,59.321170806884766
2026-01-30,59.34098434448242
2026-02-02,59.262474060058594
2026-02-03,59.282352447509766
2026-02-04,59.282352447509766
2026-02-05,59.56062316894531
2026-02-06,59.53080749511719
2026-02-09,59.56062316894531
2026-02-10,59.70970153808594
2026-02-11,59.59043884277344
2026-02-12,59.838897705078125
2026-02-13,60.01778793334961
2026-02-17,59.978031158447266
2026-02-18,59.898529052734375
2026-02-19,59.928340911865234
2026-02-20,59.948219299316406
2026-02-23,60.12710952758789
2026-02-24,60.08735656738281
2026-02-25,60.04759979248047
2026-02-26,60.17679977416992
2026-02-27,60.355690002441406
2026-03-02,60.07162857055664
2026-03-03,60.021793365478516
2026-03-04,59.922122955322266
2026-03-05,59.80251693725586
2026-03-06,59.80251693725586
2026-03-09,59.90218734741211
2026-03-10,59.77261734008789
2026-03-11,59.61314392089844
2026-03-12,59.43373489379883
2026-03-13,59.42376708984375
2026-03-16,59.60317611694336
2026-03-17,59.68291473388672
2026-03-18,59.443702697753906
2026-03-19,59.42376708984375
2026-03-20,59.074920654296875
2026-03-23,59.21445846557617
2026-03-24,59.045021057128906
2026-03-25,59.23439407348633
2026-03-26,58.895511627197266
2026-03-27,58.97524642944336
2026-03-30,59.23439407348633
2026-03-31,59.354000091552734
2026-04-01,59.310001373291016
2026-04-02,59.38999938964844
2026-04-06,59.279998779296875
2026-04-07,59.38999938964844
2026-04-08,59.4900016784668
2026-04-09,59.5
2026-04-10,59.43000030517578
2026-04-13,59.529998779296875
2026-04-14,59.65999984741211
2026-04-15,59.59000015258789
2026-04-16,59.529998779296875
2026-04-17,59.7599983215332
