,VO
2021-06-22,100.73680032771884
2021-06-23,100.76747173090075
2021-06-24,99.78622544852723
2021-06-25,102.47292793494185
2021-06-28,102.18070029976343
2021-06-29,103.82169906990433
2021-06-30,104.62210491741064
2021-07-01,104.28738255099626
2021-07-02,104.99851138487178
2021-07-05,105.35524309581142
2021-07-06,105.55892959492712
2021-07-07,105.04611493415258
2021-07-08,105.00278990269017
2021-07-09,105.79469080448692
2021-07-12,103.26372342701129
2021-07-13,103.93734954935437
2021-07-14,105.63320305131269
2021-07-15,105.33366484649025
2021-07-16,105.90615968907522
2021-07-19,105.34674240959683
2021-07-20,104.6273996220059
2021-07-21,105.18443053507114
2021-07-22,106.22359988097594
2021-07-23,107.50296119304232
2021-07-26,104.60687643334636
2021-07-27,104.4980385557157
2021-07-28,104.4240459000631
2021-07-29,106.13569662040277
2021-07-30,105.98210632199797
2021-08-02,106.04757868775887
2021-08-03,107.82458286961374
2021-08-04,109.69025692879765
2021-08-05,111.42524563569312
2021-08-06,109.88039438245683
2021-08-09,108.44307291135257
2021-08-10,110.43490772505493
2021-08-11,109.10584290852312
2021-08-12,109.90336353670168
2021-08-13,109.04112517310365
2021-08-16,107.22969535932232
2021-08-17,107.36873191795256
2021-08-18,106.84178786579723
2021-08-19,107.2406067291725
2021-08-20,108.40110209656879
2021-08-23,108.21646510808607
2021-08-24,108.28306092943802
2021-08-25,107.58915462063909
2021-08-26,108.24852872475628
2021-08-27,109.47083703593864
2021-08-30,111.13043667332288
2021-08-31,110.993435469912
2021-09-01,111.65264828617573
2021-09-02,110.14906932569669
2021-09-03,108.9578392266422
2021-09-06,110.95073309024683
2021-09-07,109.89627993654187
2021-09-08,108.41895402278053
2021-09-09,106.13940411753198
2021-09-10,104.20422683495201
2021-09-13,104.54145386809117
2021-09-14,103.8044742777308
2021-09-15,105.54834911363969
2021-09-16,104.53979524679964
2021-09-17,104.52506480702304
2021-09-20,106.04629178830334
2021-09-21,104.90620288531896
2021-09-22,104.01651522261635
2021-09-23,105.23427249010582
2021-09-24,104.47705305464036
2021-09-27,105.79846662191954
2021-09-28,105.86484407509704
2021-09-29,103.88002240741523
2021-09-30,103.21775423629964
2021-10-01,102.91955996347988
2021-10-04,103.21451503704229
2021-10-05,104.17548986676903
2021-10-06,102.74612355269585
2021-10-07,102.93185469230922
2021-10-08,102.69579668260019
2021-10-11,104.52025923078465
2021-10-12,104.32064883284906
2021-10-13,104.74887970301646
2021-10-14,105.14354267522974
2021-10-15,103.71526910198496
2021-10-18,102.45282923113494
2021-10-19,102.84012136136327
2021-10-20,101.72426884905832
2021-10-21,101.40378776985742
2021-10-22,101.96243386914227
2021-10-25,102.66739866850966
2021-10-26,104.54801265725422
2021-10-27,104.52689671393188
2021-10-28,103.07972676392598
2021-10-29,103.7170263899035
2021-11-01,103.81751463172841
2021-11-02,105.20105365980447
2021-11-03,106.79021359773024
2021-11-04,107.96131458587332
2021-11-05,106.01409913282352
2021-11-08,106.33767017680631
2021-11-09,108.29891014868174
2021-11-10,109.16127756887786
2021-11-11,108.3915403621016
2021-11-12,107.62732325813032
2021-11-15,106.78597124521315
2021-11-16,106.29562007686309
2021-11-17,107.75002789101646
2021-11-18,107.3415059845568
2021-11-19,106.76739431565878
2021-11-22,108.41001683627427
2021-11-23,108.30254237028353
2021-11-24,108.72655601213445
2021-11-25,106.9017506253462
2021-11-26,106.44796411470824
2021-11-29,104.1202311996685
2021-11-30,104.47288746295986
2021-12-01,103.08572146017008
2021-12-02,105.52810523060117
2021-12-03,106.11257291495413
2021-12-06,105.08512040491011
2021-12-07,105.21941625268755
2021-12-08,105.667636216726
2021-12-09,104.26955139622929
2021-12-10,103.28789400979947
2021-12-13,104.3669501748779
2021-12-14,105.00486193880046
2021-12-15,104.34191216758157
2021-12-16,103.85187913355212
2021-12-17,103.66491850998571
2021-12-20,103.5422758403873
2021-12-21,103.24389414507966
2021-12-22,107.07779648808491
2021-12-23,106.55559361013339
2021-12-24,104.49411501747893
2021-12-27,105.31432553150435
2021-12-28,106.9506509653368
2021-12-29,107.27202055606395
2021-12-30,107.35831785675975
2021-12-31,105.74762522439694
2022-01-03,107.64434877969371
2022-01-04,106.93595313307904
2022-01-05,107.81759490301488
2022-01-06,106.65633985389749
2022-01-07,107.55784846753976
2022-01-10,106.97012568939837
2022-01-11,107.30641531661362
2022-01-12,106.85079046911908
2022-01-13,108.93273197579332
2022-01-14,109.62300674726492
2022-01-17,112.68879074353966
2022-01-18,111.4828639482839
2022-01-19,111.9829842962693
2022-01-20,111.11980397412577
2022-01-21,112.09956459182753
2022-01-24,113.41946655427621
2022-01-25,115.19010058124961
2022-01-26,114.88635035509631
2022-01-27,113.78134057100023
2022-01-28,112.2578635100106
2022-01-31,113.56754170725077
2022-02-01,112.45527949300995
2022-02-02,112.93951544215201
2022-02-03,110.44908588452742
2022-02-04,111.73637315835816
2022-02-07,113.01992320209735
2022-02-08,111.15807861447733
2022-02-09,112.15931779170481
2022-02-10,112.41525664061666
2022-02-11,113.68784728594167
2022-02-14,114.28420240261102
2022-02-15,117.00497844274314
2022-02-16,117.36088716792294
2022-02-17,116.87706730654037
2022-02-18,119.40129490776887
2022-02-21,118.33198607138331
2022-02-22,120.49565882126872
2022-02-23,121.40031155769006
2022-02-24,121.99967812406207
2022-02-25,120.66328331153171
2022-02-28,121.61719331848515
2022-03-01,122.55929836897847
2022-03-02,122.5816060318695
2022-03-03,124.14243364463051
2022-03-04,122.27505723879662
2022-03-07,124.97104857940474
2022-03-08,124.36882178001952
2022-03-09,123.9448907382295
2022-03-10,123.29939372587869
2022-03-11,124.40553573268191
2022-03-14,124.4622247244638
2022-03-15,124.30852876186067
2022-03-16,123.12149313334677
2022-03-17,121.75899373395487
2022-03-18,119.18354344989291
2022-03-21,118.50835958250197
2022-03-22,119.02978240781312
2022-03-23,118.57051418796212
2022-03-24,117.49308098583353
2022-03-25,117.98501142090852
2022-03-28,117.43457169721785
2022-03-29,117.74837897272197
2022-03-30,114.97811851312395
2022-03-31,114.06685584684297
2022-04-01,112.32211966406219
2022-04-04,112.62222461160871
2022-04-05,113.63216814006604
2022-04-06,114.39679494630414
2022-04-07,112.90884749868295
2022-04-08,111.9870017723124
2022-04-11,111.25308407787595
2022-04-12,110.31972051034312
2022-04-13,109.5571252725869
2022-04-14,109.6237738920738
2022-04-15,110.48226076841756
2022-04-18,111.55730130439873
2022-04-19,111.1655289177657
2022-04-20,109.01561681680884
2022-04-21,108.34915777284677
2022-04-22,108.38929026008735
2022-04-25,105.98688331683874
2022-04-26,106.7292507589273
2022-04-27,106.16925132613852
2022-04-28,107.24012388444805
2022-04-29,108.52562419856555
2022-05-02,108.54850433036809
2022-05-03,107.66607491294758
2022-05-04,105.60128104605897
2022-05-05,104.9382213529707
2022-05-06,104.57334192441303
2022-05-09,107.10708574701351
2022-05-10,105.45699386720038
2022-05-11,105.12433749599843
2022-05-12,106.2507481485911
2022-05-13,107.10414012903415
2022-05-16,107.01869567824234
2022-05-17,107.32493652023358
2022-05-18,108.37450111236129
2022-05-19,108.10118910099766
2022-05-20,107.76860875339887
2022-05-23,108.20205374399525
2022-05-24,107.05413765259941
2022-05-25,106.40093719279757
2022-05-26,106.04612003710704
2022-05-27,107.93908490669915
2022-05-30,109.492076922332
2022-05-31,111.2564728147837
2022-06-01,109.40823325018081
2022-06-02,108.54098356747403
2022-06-03,108.6996930749544
2022-06-06,109.4861501813088
2022-06-07,111.61903023601694
2022-06-08,110.1289376725092
2022-06-09,111.28156442094239
2022-06-10,111.95969085666482
2022-06-13,112.12521933402012
2022-06-14,113.05492529236021
2022-06-15,113.63045770027782
2022-06-16,114.8776566751913
2022-06-17,115.98319455219833
2022-06-20,114.1716537387423
2022-06-21,115.47399358837693
2022-06-22,114.19329101779041
2022-06-23,114.80474379681405
2022-06-24,115.00009855516966
2022-06-27,117.73270916092517
2022-06-28,120.73966862416911
2022-06-29,122.6042036862494
2022-06-30,122.29147701615102
2022-07-01,119.85959398178116
2022-07-04,120.401961430614
2022-07-05,118.76415122217956
2022-07-06,117.65879513313644
2022-07-07,117.98390396815745
2022-07-08,118.54982200299425
2022-07-11,117.98718257479828
2022-07-12,118.66305541283808
2022-07-13,119.16065381727263
2022-07-14,118.65942688169542
2022-07-15,117.53634511379978
2022-07-18,118.5539992774506
2022-07-19,117.35325019721981
2022-07-20,120.17745182169624
2022-07-21,119.81879592759175
2022-07-22,120.6382061260928
2022-07-25,120.81408837063931
2022-07-26,121.58290204288242
2022-07-27,121.4775289539709
2022-07-28,123.15496643966246
2022-07-29,123.07158281107495
2022-08-01,123.87100827576101
2022-08-02,122.76927692193753
2022-08-03,122.9421750148033
2022-08-04,120.42204887772078
2022-08-05,121.57436141190267
2022-08-08,119.97686798435072
2022-08-09,120.43601337753944
2022-08-10,118.60698160108201
2022-08-11,117.50097475977074
2022-08-12,116.40462353277667
2022-08-15,115.55872293951795
2022-08-16,116.9704264928962
2022-08-17,118.98601304148345
2022-08-18,119.08216943677013
2022-08-19,118.92189011742447
2022-08-22,117.93937851548826
2022-08-23,118.6696541260574
2022-08-24,118.60950639189846
2022-08-25,121.16107904080353
2022-08-26,119.16677575247792
2022-08-29,119.80953471835328
2022-08-30,118.08749460772663
2022-08-31,117.46835200909373
2022-09-01,117.6450029208513
2022-09-02,119.64064701976413
2022-09-05,118.54613588015464
2022-09-06,117.98169418088985
2022-09-07,119.09220325843148
2022-09-08,120.33568992135987
2022-09-09,121.80952876410358
2022-09-12,122.66999768346125
2022-09-13,123.86734430246955
2022-09-14,125.36405013271545
2022-09-15,126.69229233882098
2022-09-16,123.12344611722838
2022-09-19,121.95575388821551
2022-09-20,120.36277634782624
2022-09-21,120.68248423072308
2022-09-22,120.23608188791127
2022-09-23,118.28346941074518
2022-09-26,118.54889408125398
2022-09-27,119.56632681255581
2022-09-28,119.0633671978515
2022-09-29,119.60414924430671
2022-09-30,118.34589642371564
2022-10-03,119.67616513067271
2022-10-04,121.92096087973363
2022-10-05,126.16804631528287
2022-10-06,126.98268284304204
2022-10-07,125.50274293949848
2022-10-10,127.09399727083456
2022-10-11,128.04986367838927
2022-10-12,128.70030426307653
2022-10-13,127.76960948650778
2022-10-14,125.9928362893247
2022-10-17,128.04632514256832
2022-10-18,128.09575279812574
2022-10-19,128.7519571163108
2022-10-20,128.17209369508512
2022-10-21,127.38006616416475
2022-10-24,128.39226808897183
2022-10-25,131.33517492504294
2022-10-26,129.8695335826037
2022-10-27,130.39521156558484
2022-10-28,131.0882986661016
2022-10-31,130.49433924404616
2022-11-01,131.89019017564726
2022-11-02,133.19447530008313
2022-11-03,131.66366549323712
2022-11-04,132.09463677818448
2022-11-07,131.72414923309856
2022-11-08,133.1160382712588
2022-11-09,134.49885814772452
2022-11-10,134.73945863435566
2022-11-11,135.78544070631483
2022-11-14,137.53303054952212
2022-11-15,138.50405945284155
2022-11-16,137.25839312757654
2022-11-17,136.72810295945155
2022-11-18,136.00974712822597
2022-11-21,137.17018130438677
2022-11-22,136.786106355375
2022-11-23,133.64958794341345
2022-11-24,132.67485826792168
2022-11-25,132.6480883645762
2022-11-28,133.2325472198704
2022-11-29,129.59219645525596
2022-11-30,130.50765978173635
2022-12-01,128.84268520444795
2022-12-02,129.86142371714286
2022-12-05,131.7489623195953
2022-12-06,134.15934654425266
2022-12-07,134.22411125992375
2022-12-08,136.53068562979487
2022-12-09,136.60550110566248
2022-12-12,139.3098362038753
2022-12-13,140.50154516996352
2022-12-14,143.1376915545139
2022-12-15,142.76038958165694
2022-12-16,144.58228824406797
2022-12-19,145.73173933485506
2022-12-20,148.93956060260004
2022-12-21,148.88416431009207
2022-12-22,146.53319605378306
2022-12-23,148.15264785700072
2022-12-26,150.3124457781619
2022-12-27,147.8362112009124
2022-12-28,147.91120005537334
2022-12-29,146.0963897411545
2022-12-30,147.69009142849418
2023-01-02,145.52181617710102
2023-01-03,145.3234661525946
2023-01-04,146.12532261432293
2023-01-05,147.56183363753857
2023-01-06,146.25314317647457
2023-01-09,144.74996094626556
2023-01-10,142.7680208135386
2023-01-11,140.15720328189383
2023-01-12,138.2407953127103
2023-01-13,139.48832295944987
2023-01-16,137.44712018272168
2023-01-17,136.83842685769548
2023-01-18,136.46155923701752
2023-01-19,134.1832923376624
2023-01-20,133.41035163394605
2023-01-23,133.93057946621946
2023-01-24,135.51636809770932
2023-01-25,137.21846331885607
2023-01-26,136.6019298297823
2023-01-27,137.07738810489434
2023-01-30,137.74271566082666
2023-01-31,137.6071165563038
2023-02-01,137.9774796277536
2023-02-02,138.5801002233968
2023-02-03,139.5579919392396
2023-02-06,137.6968368975034
2023-02-07,139.0049501227366
2023-02-08,141.74583695360218
2023-02-09,142.0690827414639
2023-02-10,139.63194806815545
2023-02-13,139.58836163386474
2023-02-14,137.1363436004493
2023-02-15,138.94738129024594
2023-02-16,140.7552531586703
2023-02-17,140.06219271537466
2023-02-20,139.60065297080791
2023-02-21,137.9001069727294
2023-02-22,138.1224103193831
2023-02-23,136.44936996426287
2023-02-24,134.244941975001
2023-02-27,132.53626743785804
2023-02-28,130.11867307719288
2023-03-01,128.84714686506055
2023-03-02,131.01900553205644
2023-03-03,133.0450319043707
2023-03-06,132.5056372027191
2023-03-07,132.60192591619116
2023-03-08,133.5938967227885
2023-03-09,133.333115686071
2023-03-10,133.74505045504318
2023-03-13,136.63606569488192
2023-03-14,134.78261286291672
2023-03-15,134.36295944650934
2023-03-16,134.65522858839722
2023-03-17,137.1588156481022
2023-03-20,139.5611363615526
2023-03-21,139.02607660820107
2023-03-22,142.020765139766
2023-03-23,141.43127121936564
2023-03-24,142.24179786670234
2023-03-27,141.0458690474391
2023-03-28,140.23418186766915
2023-03-29,137.07614163062865
2023-03-30,139.3730037614918
2023-03-31,141.0843819891087
2023-04-03,141.65913468665303
2023-04-04,141.92397312670556
2023-04-05,142.6484347860961
2023-04-06,139.9782607731493
2023-04-07,143.48254923426333
2023-04-10,142.5941761294054
2023-04-11,145.0216155866719
2023-04-12,143.37455041453865
2023-04-13,142.98829803865738
2023-04-14,145.3639078982592
2023-04-17,143.62315072771088
2023-04-18,145.4577137116368
2023-04-19,147.1241536691835
2023-04-20,147.44908972678635
2023-04-21,148.50720595333348
2023-04-24,146.70099135910985
2023-04-25,148.6943043569048
2023-04-26,150.37182644735606
2023-04-27,151.91212059634898
2023-04-28,153.21904493346656
2023-05-01,152.75702331165894
2023-05-02,151.70372551784232
2023-05-03,153.08386573025655
2023-05-04,152.79677524698852
2023-05-05,152.27341105472772
2023-05-08,151.24740956670342
2023-05-09,149.97246815933096
2023-05-10,147.56119551853607
2023-05-11,148.64993793077576
2023-05-12,147.53398562921197
2023-05-15,149.37556806567733
2023-05-16,150.90928474568673
2023-05-17,150.88776203204642
2023-05-18,148.6846436134494
2023-05-19,148.9303756105979
2023-05-22,148.98705214519293
2023-05-23,151.79844095527966
2023-05-24,154.82490515181863
2023-05-25,155.7829600246982
2023-05-26,154.08135684932455
2023-05-29,155.2450240854553
2023-05-30,155.41564137799026
2023-05-31,154.30272134473887
2023-06-01,152.22351946986367
2023-06-02,153.14071058507022
2023-06-05,151.1538659136915
2023-06-06,151.2052427589191
2023-06-07,152.97552057590474
2023-06-08,151.64168313537277
2023-06-09,152.47972748842702
2023-06-12,149.5641722831239
2023-06-13,148.7314587886102
2023-06-14,149.44829066175384
2023-06-15,152.7961780493625
2023-06-16,152.99649226313085
2023-06-19,152.0116730154757
2023-06-20,150.06469336237706
2023-06-21,154.35976201886783
2023-06-22,155.98120043578325
2023-06-23,155.8454406582809
2023-06-26,153.75443811891677
2023-06-27,154.5697845877726
2023-06-28,155.91555383605342
2023-06-29,158.06805456083754
2023-06-30,161.80388200399128
2023-07-03,160.78642243912472
2023-07-04,160.81472282721992
2023-07-05,162.44180676958982
2023-07-06,162.04564770667636
2023-07-07,159.60136968200928
2023-07-10,157.09471322929892
2023-07-11,159.461654078682
2023-07-12,159.55085126332375
2023-07-13,156.64385576254523
2023-07-14,160.0522067514481
2023-07-17,161.0398708103329
2023-07-18,163.06673854006982
2023-07-19,162.26399677727707
2023-07-20,160.8838051640233
2023-07-21,161.82923264484387
2023-07-24,164.93452484634966
2023-07-25,164.19679729313674
2023-07-26,166.71992040444923
2023-07-27,167.3594182718992
2023-07-28,165.07938459494912
2023-07-31,163.413849868015
2023-08-01,162.47952556756252
2023-08-02,163.44496794304578
2023-08-03,162.0896262666014
2023-08-04,162.77964199176088
2023-08-07,166.73778836720433
2023-08-08,165.33775919872943
2023-08-09,165.16083285751617
2023-08-10,168.23715730920938
2023-08-11,168.04837541432778
2023-08-14,169.27823098295914
2023-08-15,170.34102504537736
2023-08-16,170.85286600270692
2023-08-17,172.2702900745076
2023-08-18,171.70413038147902
2023-08-21,167.42514353829475
2023-08-22,167.36017918361608
2023-08-23,165.97723683623855
2023-08-24,167.88706612446583
2023-08-25,167.2794095784229
2023-08-28,165.57125463074408
2023-08-29,165.24162961778777
2023-08-30,163.49543349813743
2023-08-31,163.56205690766055
2023-09-01,163.68747983615924
2023-09-04,162.26700113455368
2023-09-05,160.83510084350604
2023-09-06,163.42729254139837
2023-09-07,162.77273363743058
2023-09-08,165.0035747258633
2023-09-11,164.97144999901704
2023-09-12,164.73291433072168
2023-09-13,165.40317126454232
2023-09-14,162.9775204147358
2023-09-15,158.04819916309225
2023-09-18,156.56298940269127
2023-09-19,151.72527225721058
2023-09-20,149.2117003532467
2023-09-21,149.36776325655185
2023-09-22,151.61023746728895
2023-09-25,150.82226423723247
2023-09-26,152.54377130420028
2023-09-27,150.8403746902346
2023-09-28,157.80073669372356
2023-09-29,158.40802208868809
2023-10-02,157.58116536279994
2023-10-03,153.57588656327601
2023-10-04,152.0592364267857
2023-10-05,151.08440789189638
2023-10-06,151.1646025894856
2023-10-09,152.56528789727653
2023-10-10,151.33003575017912
2023-10-11,153.50630844948952
2023-10-12,150.9136945219654
2023-10-13,152.1801789864277
2023-10-16,151.5224527553571
2023-10-17,154.8391875956713
2023-10-18,156.14031278375072
2023-10-19,154.61505819048867
2023-10-20,155.83188953440492
2023-10-23,152.14103601889838
2023-10-24,157.2938050913729
2023-10-25,158.5632992529394
2023-10-26,158.50460010277456
2023-10-27,156.2750979537143
2023-10-30,156.81949880588638
2023-10-31,158.35907523763672
2023-11-01,159.8333051470964
2023-11-02,158.8488431901863
2023-11-03,155.60956880846098
2023-11-06,154.53941986157201
2023-11-07,156.0421310218711
2023-11-08,156.9699602762622
2023-11-09,153.87930175174284
2023-11-10,156.04520469451347
2023-11-13,153.47846812519796
2023-11-14,152.90281409732077
2023-11-15,149.32740295426427
2023-11-16,150.3223138928282
2023-11-17,149.36441859764952
2023-11-20,148.65446148414895
2023-11-21,148.72492570193987
2023-11-22,148.31574490353978
2023-11-23,147.3843678508728
2023-11-24,144.7847400433365
2023-11-27,142.5318384115175
2023-11-28,142.57105588450818
2023-11-29,141.10741785804976
2023-11-30,144.44664171422696
2023-12-01,142.3399628980376
2023-12-04,141.5932071073864
2023-12-05,142.21073535205636
2023-12-06,140.48342884183177
2023-12-07,141.34022985683922
2023-12-08,141.4183571181865
2023-12-11,143.2630236334919
2023-12-12,144.3693243294803
2023-12-13,141.30623260431312
2023-12-14,141.97995850954155
2023-12-15,141.3740763869768
2023-12-18,142.76559467545314
2023-12-19,141.97513799544248
2023-12-20,141.75367291583058
2023-12-21,141.85362240946208
2023-12-22,139.9589776276529
2023-12-25,141.99218788218343
2023-12-26,142.94994494667316
2023-12-27,141.12514358270917
2023-12-28,143.6278450074657
2023-12-29,144.16640170783873
2024-01-01,142.09890977008953
2024-01-02,144.875116556911
2024-01-03,146.52707773094477
2024-01-04,146.0195758497509
2024-01-05,147.32256337905454
2024-01-08,145.91283914975938
2024-01-09,146.24365407899882
2024-01-10,146.70104202688685
2024-01-11,148.19042646450634
2024-01-12,148.7953965258747
2024-01-15,152.62440154623255
2024-01-16,151.65430966803814
2024-01-17,149.36955136668448
2024-01-18,148.49707022530848
2024-01-19,148.61736921354742
2024-01-22,147.33735129987832
2024-01-23,147.29462026397286
2024-01-24,148.4453746065028
2024-01-25,145.87413292182663
2024-01-26,148.25425939591688
2024-01-29,148.3494155474005
2024-01-30,147.7570054436675
2024-01-31,148.6260154336431
2024-02-01,144.95124452593777
2024-02-02,144.95030602810027
2024-02-05,144.64069346094465
2024-02-06,143.66590735033685
2024-02-07,143.55125032977725
2024-02-08,146.3754781712985
2024-02-09,145.6070698755259
2024-02-12,145.35607972717622
2024-02-13,145.85145476146494
2024-02-14,147.16134228440973
2024-02-15,147.46411843821002
2024-02-16,145.22186296111678
2024-02-19,145.26102962731466
2024-02-20,145.16247276749175
2024-02-21,146.77875759855417
2024-02-22,146.7492037777743
2024-02-23,148.1047971002551
2024-02-26,148.53390831390055
2024-02-27,148.4224143175769
2024-02-28,149.66912224332555
2024-02-29,151.35933598596063
2024-03-01,147.52513503630996
2024-03-04,145.64293041455812
2024-03-05,142.65215642825248
2024-03-06,144.95438520606362
2024-03-07,144.05628541942806
2024-03-08,143.89033733472493
2024-03-11,143.90384423389725
2024-03-12,141.67745757816766
2024-03-13,141.3531796813134
2024-03-14,140.56075065888373
2024-03-15,142.10718093873155
2024-03-18,142.55346971615097
2024-03-19,141.60082881099868
2024-03-20,141.40091614475935
2024-03-21,144.16699256623576
2024-03-22,143.54340752238545
2024-03-25,143.89255468457128
2024-03-26,142.24617178632647
2024-03-27,142.2516077685555
2024-03-28,141.2955164623849
2024-03-29,143.18321972032723
2024-04-01,142.4496274693226
2024-04-02,142.419626772764
2024-04-03,140.62595297498837
2024-04-04,141.27763241751788
2024-04-05,140.3339687103549
2024-04-08,140.25866167926398
2024-04-09,141.36696501052938
2024-04-10,144.70430455569218
2024-04-11,145.09000611452856
2024-04-12,142.80863349276055
2024-04-15,144.10794493406286
2024-04-16,144.5411548775603
2024-04-17,143.75490259011417
2024-04-18,141.56949375579205
2024-04-19,142.47009041647442
2024-04-22,143.9229322185583
2024-04-23,146.4139233137813
2024-04-24,149.46773836721616
2024-04-25,148.37126436137967
2024-04-26,149.2885621784115
2024-04-29,151.73952329569283
2024-04-30,150.524874756174
2024-05-01,152.69072702418202
2024-05-02,153.29446867735328
2024-05-03,151.07156105081984
2024-05-06,148.87374406222597
2024-05-07,150.21872928183868
2024-05-08,146.50897853698615
2024-05-09,143.40078686132168
2024-05-10,143.08926629494277
2024-05-13,143.48136135968815
2024-05-14,141.89535878996753
2024-05-15,142.69325495493334
2024-05-16,143.9281921485
2024-05-17,145.20186105367307
2024-05-20,144.7129312032318
2024-05-21,145.36726319525414
2024-05-22,147.46107009432444
2024-05-23,146.96804525808068
2024-05-24,147.19280783714876
2024-05-27,150.99288661166653
2024-05-28,150.58497647490043
2024-05-29,149.6406561985066
2024-05-30,151.48543532587954
2024-05-31,149.45422642444993
2024-06-03,148.41309162201523
2024-06-04,147.56146381741917
2024-06-05,146.0239862495323
2024-06-06,150.5807206673997
2024-06-07,150.38487024287963
2024-06-10,151.3373542678196
2024-06-11,149.80317082161375
2024-06-12,151.14008610016973
2024-06-13,149.7848326287989
2024-06-14,147.39451311265236
2024-06-17,150.0304299757619
2024-06-18,149.3830784913785
2024-06-19,150.44753499314004
2024-06-20,145.75741910922318
2024-06-21,143.15770929047414
2024-06-24,145.93842756994712
2024-06-25,148.91597533218192
2024-06-26,148.36427945483962
2024-06-27,147.77697883447124
2024-06-28,148.92340134151314
2024-07-01,147.8337525451831
2024-07-02,148.1204136776989
2024-07-03,148.12903344122498
2024-07-04,148.20098066863522
2024-07-05,147.03762085871298
2024-07-08,148.0039432113746
2024-07-09,149.6286930292617
2024-07-10,147.50423159112472
2024-07-11,148.67455530638262
2024-07-12,145.95365004573287
2024-07-15,148.97761207412404
2024-07-16,148.13299492342875
2024-07-17,147.8061201800199
2024-07-18,146.10667897481872
2024-07-19,147.89769844450623
2024-07-22,150.31252913550688
2024-07-23,149.92983161944457
2024-07-24,147.73555650139986
2024-07-25,147.7541828985395
2024-07-26,146.31206986239556
2024-07-29,145.2977682171448
2024-07-30,145.34307286385575
2024-07-31,146.04625739506574
2024-08-01,143.56726090222173
2024-08-02,147.0267973084299
2024-08-05,148.78785507464505
2024-08-06,148.47183687890868
2024-08-07,149.6244608488634
2024-08-08,149.2561561165887
2024-08-09,144.70989048060397
2024-08-12,145.7027418413279
2024-08-13,145.15526795501953
2024-08-14,145.7700851817066
2024-08-15,147.52339486487406
2024-08-16,147.62292488535422
2024-08-19,151.7003398761613
2024-08-20,151.1060069239579
2024-08-21,150.45935115968476
2024-08-22,152.53159945288058
2024-08-23,153.51786907289855
2024-08-26,153.39808216401238
2024-08-27,152.37138707963135
2024-08-28,152.02175345043892
2024-08-29,150.79402457007055
2024-08-30,153.06451529171784
2024-09-02,151.857918492069
2024-09-03,152.16752270802104
2024-09-04,151.7097964840787
2024-09-05,151.2308550456527
2024-09-06,151.04571558171443
2024-09-09,149.36998530688072
2024-09-10,148.31152263161846
2024-09-11,145.7792433306644
2024-09-12,142.44376924603506
2024-09-13,144.33823698708184
2024-09-16,143.23319132172455
2024-09-17,142.8686869910491
2024-09-18,142.15344751790562
2024-09-19,142.20546974234352
2024-09-20,143.2372268432458
2024-09-23,141.56989294651174
2024-09-24,138.93962441438538
2024-09-25,137.5216038329169
2024-09-26,137.16296690167596
2024-09-27,138.47840007393305
2024-09-30,139.43814820297266
2024-10-01,138.70224486070333
2024-10-02,136.72172670440364
2024-10-03,138.3185082595126
2024-10-04,139.7452866393931
2024-10-07,139.21961199271365
2024-10-08,139.38878937830256
2024-10-09,137.451105496661
2024-10-10,140.29638645309225
2024-10-11,143.33560584215292
2024-10-14,143.31626553937232
2024-10-15,143.77628473830708
2024-10-16,143.16800475363092
2024-10-17,142.3859759735548
2024-10-18,142.70380434224
2024-10-21,142.4401122760506
2024-10-22,144.38758130407402
2024-10-23,144.8415827006557
2024-10-24,144.6026723129842
2024-10-25,143.56304440495043
2024-10-28,146.1094563570441
2024-10-29,148.11178967298227
2024-10-30,148.24596168705847
2024-10-31,149.67062043618745
2024-11-01,147.78564010467056
2024-11-04,147.67854604360681
2024-11-05,148.3381480430871
2024-11-06,149.12761142265782
2024-11-07,145.47707198923047
2024-11-08,141.84707857173686
2024-11-11,145.43429925821138
2024-11-12,144.4356982956421
2024-11-13,144.21414796168486
2024-11-14,144.76574029879933
2024-11-15,141.5021279159136
2024-11-18,142.97694859787293
2024-11-19,140.0742408945323
2024-11-20,143.19814498317047
2024-11-21,146.9344004012187
2024-11-22,144.3601168641353
2024-11-25,146.2682183887429
2024-11-26,148.21793302569444
2024-11-27,148.49273566095295
2024-11-28,149.3111232649358
2024-11-29,150.2610042123106
2024-12-02,150.68926791373883
2024-12-03,150.91945965379884
2024-12-04,153.23450435235202
2024-12-05,153.62297134318928
2024-12-06,155.45728531586232
2024-12-09,155.84200727711746
2024-12-10,151.68492941628068
2024-12-11,151.79665229703417
2024-12-12,155.4971531192174
2024-12-13,155.58674359515848
2024-12-16,155.90355030312017
2024-12-17,154.17280120184276
2024-12-18,153.43598224644427
2024-12-19,152.32530928903498
2024-12-20,152.08787885307464
2024-12-23,149.21802539450016
2024-12-24,147.7208536943874
2024-12-25,146.52280241617223
2024-12-26,149.77565081753676
2024-12-27,149.16975889171113
2024-12-30,150.62260074690653
2024-12-31,151.70213955305337
2025-01-01,153.7593803648826
2025-01-02,154.42471288596815
2025-01-03,153.37150500058365
2025-01-06,154.45196648178955
2025-01-07,155.6009726966294
2025-01-08,158.34784195439025
2025-01-09,161.00830716041457
2025-01-10,160.54306268725074
2025-01-13,161.31605182054201
2025-01-14,160.10364923178534
2025-01-15,157.00504656688878
2025-01-16,160.5414586181001
2025-01-17,160.77407839577646
2025-01-20,159.85369116271207
2025-01-21,161.53815496026132
2025-01-22,162.00177339426426
2025-01-23,162.80601110782754
2025-01-24,161.4064068018785
2025-01-27,163.66396688083415
2025-01-28,164.4987257454507
2025-01-29,165.88329199464718
2025-01-30,166.1350376983704
2025-01-31,165.81199716261207
2025-02-03,167.82502715740998
2025-02-04,167.65980498659837
2025-02-05,166.4491820378679
2025-02-06,167.22751096312578
2025-02-07,165.06756338807398
2025-02-10,166.24554624472947
2025-02-11,165.36556513008458
2025-02-12,168.2791165939558
2025-02-13,172.98577042150112
2025-02-14,176.40396593959656
2025-02-17,174.5841177924884
2025-02-18,176.32195397374386
2025-02-19,175.16496443455202
2025-02-20,174.5930468088903
2025-02-21,174.92730096296876
2025-02-24,176.15436208593627
2025-02-25,179.5487468551387
2025-02-26,181.0253281703509
2025-02-27,181.1465459804579
2025-02-28,180.55877720387886
2025-03-03,184.9675719938539
2025-03-04,189.89826643537336
2025-03-05,190.3794485779998
2025-03-06,189.66413126709628
2025-03-07,194.85700870358812
2025-03-10,198.02015048721356
2025-03-11,193.2992041896845
2025-03-12,194.57898882289217
2025-03-13,194.28887820014728
2025-03-14,193.31336949360121
2025-03-17,193.6646161421344
2025-03-18,193.68790176575595
2025-03-19,189.31780736081132
2025-03-20,186.62618234515247
2025-03-21,187.60481488750423
2025-03-24,188.56227970115904
2025-03-25,189.99591509870288
2025-03-26,190.12294947957744
2025-03-27,188.44149267482152
2025-03-28,191.56424240928723
2025-03-31,191.07007143761493
2025-04-01,190.29024465136257
2025-04-02,191.6545543040858
2025-04-03,190.81107859937643
2025-04-04,194.2047688539784
2025-04-07,192.1797628257036
2025-04-08,193.0983829315833
2025-04-09,195.7597121980043
2025-04-10,194.32622662662536
2025-04-11,195.52065574526014
2025-04-14,195.40224473117866
2025-04-15,198.4195796462007
2025-04-16,198.59520230042057
2025-04-17,199.92819821345827
2025-04-18,200.58969597296633
2025-04-21,198.99072955778655
2025-04-22,200.10865037994355
2025-04-23,201.88780322339096
2025-04-24,198.4547483727727
2025-04-25,197.06836401965828
2025-04-28,198.77769194422683
2025-04-29,197.88197281649948
2025-04-30,196.68278429344053
2025-05-01,196.5056385686709
2025-05-02,193.3136358756978
2025-05-05,190.69862786176512
2025-05-06,189.63370638735
2025-05-07,190.2958725768609
2025-05-08,189.09825229427497
2025-05-09,188.29753953264097
2025-05-12,187.53500384081968
2025-05-13,189.06335843690238
2025-05-14,187.3014775618239
2025-05-15,189.647166458358
2025-05-16,188.8851182537656
2025-05-19,192.6303435577308
2025-05-20,192.2073972400829
2025-05-21,191.08565938769803
2025-05-22,189.37948096211449
2025-05-23,185.2002664008453
2025-05-26,188.10531563929288
2025-05-27,190.47752283322035
2025-05-28,187.69989891830642
2025-05-29,185.29428862903106
2025-05-30,184.83256811502088
2025-06-02,184.89399684484695
2025-06-03,183.53732724526188
2025-06-04,181.76621381915407
2025-06-05,179.93191723087517
2025-06-06,180.49366262386172
2025-06-09,179.75306902147958
2025-06-10,177.66822450913153
2025-06-11,175.83882066827442
2025-06-12,174.3702371919871
2025-06-13,178.16681787068114
2025-06-16,176.36572862918237
2025-06-17,176.4168290476826
2025-06-18,176.71421772368626
2025-06-19,178.34006930534048
2025-06-20,180.3207826874588
2025-06-23,179.11454049614096
2025-06-24,177.38810132004218
2025-06-25,178.9192005641014
2025-06-26,180.51417378555402
2025-06-27,177.57546187057244
2025-06-30,178.3319036186207
2025-07-01,175.52882277305193
2025-07-02,176.21894248940345
2025-07-03,175.00006213802268
2025-07-04,176.6762653591232
2025-07-07,175.78102790855178
2025-07-08,174.64674447715782
2025-07-09,172.89904539393703
2025-07-10,171.43627011667618
2025-07-11,172.5210336748931
2025-07-14,174.0904859273457
2025-07-15,172.53539716605962
2025-07-16,170.5249018871471
2025-07-17,174.70596755002708
2025-07-18,173.56821355259302
2025-07-21,172.11516605380885
2025-07-22,171.28047174107363
2025-07-23,169.69807149832775
2025-07-24,168.63145286971238
2025-07-25,168.58330620670623
2025-07-28,171.30939434591664
2025-07-29,171.78746489968069
2025-07-30,171.74969027190295
2025-07-31,169.9105421609561
2025-08-01,171.98188432316746
2025-08-04,173.77043084906765
2025-08-05,174.95348971567213
2025-08-06,173.61224629202127
2025-08-07,173.95827091204242
2025-08-08,173.7715815930094
2025-08-11,174.82548419487637
2025-08-12,173.5901605645735
2025-08-13,176.000133314549
2025-08-14,171.4759683198491
2025-08-15,170.08898158930214
2025-08-18,169.72726309156258
2025-08-19,167.20158183910746
2025-08-20,165.20184063634318
2025-08-21,165.8576422022917
2025-08-22,166.67692366351835
2025-08-25,171.35288189978445
2025-08-26,170.5771116288084
2025-08-27,173.46831886963227
2025-08-28,172.74987548293183
2025-08-29,171.88825886567454
2025-09-01,169.4503843721199
2025-09-02,169.92205517845116
2025-09-03,172.75486896585178
2025-09-04,173.20258540158815
2025-09-05,174.60590382635795
2025-09-08,176.61760778252193
2025-09-09,176.71598634055857
2025-09-10,180.47905839241685
2025-09-11,179.5133011053089
2025-09-12,175.66404403738676
2025-09-15,176.0730854885416
2025-09-16,179.2481918824235
2025-09-17,182.25599945775906
2025-09-18,180.05551680846764
2025-09-19,179.14841618291538
2025-09-22,177.6062306703841
2025-09-23,179.17452474163576
2025-09-24,175.1731696863295
2025-09-25,178.10922236194884
2025-09-26,182.72795949316063
2025-09-29,183.73371811979496
2025-09-30,182.09045648117706
2025-10-01,181.9562141397552
2025-10-02,182.93185868373595
2025-10-03,183.23074528755697
2025-10-06,181.79984029918265
2025-10-07,180.95044468602185
2025-10-08,178.24297480494678
2025-10-09,181.19656111331435
2025-10-10,181.32835846192913
2025-10-13,181.19790072195207
2025-10-14,181.96084305092046
2025-10-15,183.55218634138112
2025-10-16,181.57449897756217
2025-10-17,180.3116301024408
2025-10-20,182.4311548399405
2025-10-21,185.1922261256538
2025-10-22,186.54343413579448
2025-10-23,186.5813253967503
2025-10-24,187.395738485163
2025-10-27,186.29219359149843
2025-10-28,184.35020467928985
2025-10-29,184.96909873614072
2025-10-30,184.8988732201596
2025-10-31,186.9440360657011
2025-11-03,188.707554347278
2025-11-04,191.9033932685012
2025-11-05,192.43592683406402
2025-11-06,192.98181676021898
2025-11-07,190.2362997440411
2025-11-10,192.98231315751494
2025-11-11,193.11259862981902
2025-11-12,192.62540192188493
2025-11-13,194.09582368252836
2025-11-14,194.8941503999002
2025-11-17,192.59366830363734
2025-11-18,194.52102103065542
2025-11-19,190.96702695009284
2025-11-20,193.302458529515
2025-11-21,194.7203304311608
2025-11-24,196.25784824461277
2025-11-25,198.21417014264694
2025-11-26,198.34835122662267
2025-11-27,195.3057537698913
2025-11-28,194.78633328809454
2025-12-01,197.37198560313166
2025-12-02,201.28712802124795
2025-12-03,203.60647403074387
2025-12-04,203.17006856184454
2025-12-05,198.5761065705301
2025-12-08,200.4664496809286
2025-12-09,200.54829090164063
2025-12-10,203.10784260661325
2025-12-11,203.947626881317
2025-12-12,202.82837303230187
2025-12-15,204.7252240525813
2025-12-16,205.504112815646
2025-12-17,207.98111899104458
2025-12-18,209.80168684836852
2025-12-19,210.41462900604157
2025-12-22,209.4928702093863
2025-12-23,207.94737989398854
2025-12-24,211.51171581907934
2025-12-25,211.61969360883953
2025-12-26,214.75332433414022
2025-12-29,217.38677698988806
2025-12-30,215.1949367564926
2025-12-31,216.61940870166387
2026-01-01,213.04482215241322
2026-01-02,216.0169831261861
2026-01-05,218.91989759671912
2026-01-06,220.52879958589284
2026-01-07,219.0713081966407
2026-01-08,214.46317192454057
2026-01-09,212.02330773326784
2026-01-12,211.5348865912568
2026-01-13,209.3873154456026
2026-01-14,205.9239777010521
2026-01-15,203.85369273554076
2026-01-16,203.28037270000382
2026-01-19,199.87411751588604
2026-01-20,199.89555563720415
2026-01-21,203.41297064716156
2026-01-22,203.58721325398977
2026-01-23,202.19312956143688
2026-01-26,202.1154318626126
2026-01-27,195.12952361345347
2026-01-28,197.76849076198533
2026-01-29,197.00135136861545
2026-01-30,197.10501774388968
2026-02-02,199.30340712481888
2026-02-03,196.75687340394413
2026-02-04,196.2512974424359
2026-02-05,195.63343388931835
2026-02-06,194.4326192121992
2026-02-09,196.67726073633582
2026-02-10,192.20731855517138
2026-02-11,191.02732832392456
2026-02-12,192.1954367684231
2026-02-13,191.3770742923482
2026-02-16,191.12952479998538
2026-02-17,190.72703007548324
2026-02-18,190.75654283862374
2026-02-19,194.97466134006712
2026-02-20,196.52557847846518
2026-02-23,194.41607308588146
2026-02-24,191.23894871123034
2026-02-25,193.88810240268305
2026-02-26,195.15381952810196
2026-02-27,194.39006317920504
2026-03-02,198.628076765438
2026-03-03,199.5762569963596
2026-03-04,201.1472321201989
2026-03-05,197.8906496810042
2026-03-06,193.4272715363419
2026-03-09,198.0173141922068
2026-03-10,197.95784552752986
2026-03-11,199.16153387874374
2026-03-12,195.9544816955688
2026-03-13,196.8311067600611
2026-03-16,197.00815771838123
2026-03-17,193.7132545552394
2026-03-18,192.8345602979757
2026-03-19,193.57513853857196
2026-03-20,189.7218781395869
2026-03-23,187.18899428503556
2026-03-24,185.69227439809535
2026-03-25,185.17945101157162
2026-03-26,184.39616211342803
2026-03-27,185.2808373544582
2026-03-30,183.48811206841168
2026-03-31,182.28952331247007
2026-04-01,182.1193035209487
2026-04-02,181.44331169131536
2026-04-03,180.69348476075368
2026-04-06,180.45051167784888
2026-04-07,181.00148471457635
2026-04-08,183.09077935346417
2026-04-09,179.6680221589257
2026-04-10,176.87909571049468
2026-04-13,176.6280520135315
2026-04-14,177.10859136095704
2026-04-15,176.30415375914865
2026-04-16,180.85609046070067
2026-04-17,181.58614824435634
2026-04-20,184.67661070702766
