,VT
2021-06-22,99.59837121180462
2021-06-23,100.51617247610136
2021-06-24,101.1320808590275
2021-06-25,103.36139356333571
2021-06-28,103.60219614005852
2021-06-29,103.58371395613494
2021-06-30,103.89620718458343
2021-07-01,103.74354474296715
2021-07-02,103.08142343391889
2021-07-05,101.09052129281324
2021-07-06,101.17806286590177
2021-07-07,100.7477620876073
2021-07-08,101.05993215468789
2021-07-09,101.40887565479768
2021-07-12,102.86047852732807
2021-07-13,100.91865461814382
2021-07-14,100.4793323468065
2021-07-15,100.36070114424798
2021-07-16,99.7262203505278
2021-07-19,99.97517420113248
2021-07-20,99.47309787467739
2021-07-21,99.89632477133283
2021-07-22,99.47466095851804
2021-07-23,97.83016040193729
2021-07-26,98.99400102757971
2021-07-27,97.97934545665797
2021-07-28,98.78669456625265
2021-07-29,99.19348769504649
2021-07-30,98.60555644772455
2021-08-02,99.77364653450198
2021-08-03,99.48330198572158
2021-08-04,98.74196490915133
2021-08-05,99.72362940136972
2021-08-06,100.20205916088834
2021-08-09,100.98893448130688
2021-08-10,100.99540485421403
2021-08-11,99.33184389513613
2021-08-12,98.11281775732643
2021-08-13,98.93994668607462
2021-08-16,99.6417139410413
2021-08-17,98.8512263148419
2021-08-18,99.62269948796116
2021-08-19,99.23419229311703
2021-08-20,98.41035739533794
2021-08-23,97.37167040850063
2021-08-24,98.52410731728875
2021-08-25,97.62470703707493
2021-08-26,97.12014171137172
2021-08-27,97.69130856040722
2021-08-30,97.86140076689813
2021-08-31,95.56301669336003
2021-09-01,93.42190340442528
2021-09-02,94.34190874289821
2021-09-03,95.46369175271126
2021-09-06,95.10609388903862
2021-09-07,95.11334646392979
2021-09-08,93.98014202376224
2021-09-09,93.71308916002098
2021-09-10,94.79096518715542
2021-09-13,95.3789738346562
2021-09-14,95.23243003950374
2021-09-15,96.35188238025675
2021-09-16,96.69577485495347
2021-09-17,96.12193839098943
2021-09-20,95.39079303833643
2021-09-21,96.10577468787737
2021-09-22,95.63746375595989
2021-09-23,93.6939345863521
2021-09-24,94.63501662912958
2021-09-27,95.2184084940674
2021-09-28,95.5374019866102
2021-09-29,95.16180933047113
2021-09-30,96.07388306542258
2021-10-01,94.93339355766858
2021-10-04,95.08137615640128
2021-10-05,95.10736291440199
2021-10-06,96.85414873884234
2021-10-07,97.21145936197134
2021-10-08,97.86423513870147
2021-10-11,97.62415293040647
2021-10-12,97.99313373373325
2021-10-13,99.55546207583838
2021-10-14,98.97321567242768
2021-10-15,100.28753930674416
2021-10-18,101.74243627091606
2021-10-19,100.40328805263708
2021-10-20,100.53092019514531
2021-10-21,100.93401926109951
2021-10-22,102.16541601197898
2021-10-25,102.44912713844742
2021-10-26,104.1953709876753
2021-10-27,105.0406025573768
2021-10-28,105.53508739649115
2021-10-29,106.40227767457414
2021-11-01,106.01533914155519
2021-11-02,106.9942060630921
2021-11-03,108.03673582730482
2021-11-04,107.43859554418518
2021-11-05,107.68701808471468
2021-11-08,109.90545289031168
2021-11-09,110.24953138492212
2021-11-10,106.06817497390925
2021-11-11,105.68138644567482
2021-11-12,106.52578195863778
2021-11-15,107.3354952292696
2021-11-16,108.51154119182782
2021-11-17,107.15946060609774
2021-11-18,107.2121551468407
2021-11-19,106.83745719691325
2021-11-22,104.65833698624733
2021-11-23,104.07751860130018
2021-11-24,105.4324369091796
2021-11-25,106.26621322298342
2021-11-26,105.08402592234553
2021-11-29,105.27631088475995
2021-11-30,104.90309194761554
2021-12-01,105.91294118407737
2021-12-02,106.3568958619465
2021-12-03,104.66855696780439
2021-12-06,105.49186490643419
2021-12-07,106.10018355401122
2021-12-08,106.46942130753946
2021-12-09,106.67038947959023
2021-12-10,107.13422144023087
2021-12-13,108.49385689361793
2021-12-14,107.5030052182876
2021-12-15,107.56813580251084
2021-12-16,108.00174451391264
2021-12-17,107.97995104725189
2021-12-20,108.27526629950172
2021-12-21,108.25997639105324
2021-12-22,107.32001637472581
2021-12-23,108.8277207495861
2021-12-24,107.43868095421647
2021-12-27,107.21019869021715
2021-12-28,107.88895616034941
2021-12-29,108.22891748241994
2021-12-30,108.71477527339842
2021-12-31,108.07185856267768
2022-01-03,107.05530378067036
2022-01-04,108.30356636133965
2022-01-05,107.5076002324005
2022-01-06,107.71948436399093
2022-01-07,108.50573055191302
2022-01-10,109.0773931624739
2022-01-11,108.34264248963935
2022-01-12,109.32604732324813
2022-01-13,109.55292234892553
2022-01-14,109.69825748456816
2022-01-17,107.38463898648175
2022-01-18,107.31212225470792
2022-01-19,106.49967359082947
2022-01-20,108.009864167743
2022-01-21,107.30924015334406
2022-01-24,109.23137830543541
2022-01-25,109.4017597675225
2022-01-26,108.39865345557742
2022-01-27,108.39255145131985
2022-01-28,108.16252139716084
2022-01-31,109.32984096057434
2022-02-01,108.17691428361924
2022-02-02,106.99479836499457
2022-02-03,106.18024608199974
2022-02-04,106.516291472517
2022-02-07,106.82777813238337
2022-02-08,105.77231466357541
2022-02-09,106.17974356395518
2022-02-10,105.22553641788907
2022-02-11,106.59367979642474
2022-02-14,108.0624082039735
2022-02-15,108.82597028086687
2022-02-16,107.94870086587103
2022-02-17,107.63398762259202
2022-02-18,109.32167973099291
2022-02-21,109.38568108903274
2022-02-22,109.38551109682102
2022-02-23,110.20737488069359
2022-02-24,109.82233199036678
2022-02-25,109.67500536215353
2022-02-28,109.50833930367487
2022-03-01,110.57373912969186
2022-03-02,109.60884150594916
2022-03-03,108.67727705485282
2022-03-04,108.43609420073233
2022-03-07,107.5240521861491
2022-03-08,108.68388051871611
2022-03-09,109.54432380280457
2022-03-10,108.91747894279462
2022-03-11,107.83770315936343
2022-03-14,108.49431601480654
2022-03-15,110.09012968041279
2022-03-16,111.3372534056199
2022-03-17,112.92507006540336
2022-03-18,112.47209927415587
2022-03-21,112.74325955432411
2022-03-22,112.5372577605048
2022-03-23,113.22861325445726
2022-03-24,112.46569051328021
2022-03-25,112.67517018507473
2022-03-28,111.84336327481772
2022-03-29,112.07904007142125
2022-03-30,110.43626213474487
2022-03-31,110.43612664793751
2022-04-01,111.18613519006455
2022-04-04,110.41436848769706
2022-04-05,112.4303770371813
2022-04-06,113.23783472035407
2022-04-07,113.99922534839091
2022-04-08,115.26887724500621
2022-04-11,117.25962180872335
2022-04-12,117.89868476496135
2022-04-13,118.51135212214403
2022-04-14,118.2739340860605
2022-04-15,118.9625701405455
2022-04-18,117.7929352767362
2022-04-19,118.16482259606653
2022-04-20,118.86643772266598
2022-04-21,118.90438687921423
2022-04-22,118.85025383397618
2022-04-25,118.17367350626246
2022-04-26,116.48497027507841
2022-04-27,115.1970804233819
2022-04-28,114.09645967330202
2022-04-29,113.3320488950096
2022-05-02,112.01139060259871
2022-05-03,113.89406972977424
2022-05-04,112.22195667139532
2022-05-05,112.47775011281836
2022-05-06,111.97573218326417
2022-05-09,112.25904116694612
2022-05-10,112.55440004950741
2022-05-11,112.02222031707885
2022-05-12,110.2725972865366
2022-05-13,112.44210877612349
2022-05-16,111.41406754632541
2022-05-17,110.83833760298947
2022-05-18,111.39778035494459
2022-05-19,110.3936156372201
2022-05-20,109.33412207228184
2022-05-23,107.59328424146759
2022-05-24,108.27914769072609
2022-05-25,108.67131948881467
2022-05-26,108.61819051963377
2022-05-27,106.366823072489
2022-05-30,104.89405118958155
2022-05-31,106.22193922055341
2022-06-01,106.2418253811584
2022-06-02,107.04318141839822
2022-06-03,108.2107068771863
2022-06-06,108.97408122520164
2022-06-07,109.2609342065689
2022-06-08,112.12698566840005
2022-06-09,113.09545412434193
2022-06-10,112.91889993572386
2022-06-13,113.98339667559894
2022-06-14,115.11812810770614
2022-06-15,112.95440884279677
2022-06-16,112.74453033602354
2022-06-17,112.68173897137052
2022-06-20,114.92364458386311
2022-06-21,115.44082894485813
2022-06-22,114.86812019430673
2022-06-23,112.35398897462305
2022-06-24,110.7422552175011
2022-06-27,113.68128794468464
2022-06-28,116.11365119127765
2022-06-29,114.92051622683803
2022-06-30,112.77309351455787
2022-07-01,113.13132837714494
2022-07-04,112.81971736119813
2022-07-05,113.51033594047723
2022-07-06,112.81425007077979
2022-07-07,112.58249085181787
2022-07-08,111.86870200158192
2022-07-11,111.53247390899537
2022-07-12,111.71460466537373
2022-07-13,111.75558477786585
2022-07-14,111.2263356893146
2022-07-15,109.63196546912015
2022-07-18,110.21894433769685
2022-07-19,110.1270766660904
2022-07-20,109.33759105840531
2022-07-21,108.23104133627528
2022-07-22,107.49805595985717
2022-07-25,107.90819969899061
2022-07-26,107.10276165442974
2022-07-27,106.29335953894194
2022-07-28,105.79436637782509
2022-07-29,106.28822006511682
2022-08-01,106.08521419322774
2022-08-02,105.78739468989684
2022-08-03,108.05289392239482
2022-08-04,107.13031175708862
2022-08-05,107.33699496806479
2022-08-08,106.11142528528694
2022-08-09,105.31281232186933
2022-08-10,104.29603800514356
2022-08-11,104.04781617996115
2022-08-12,101.62866865510136
2022-08-15,101.5821634076618
2022-08-16,101.09433136790437
2022-08-17,101.6353310754849
2022-08-18,101.44256732111769
2022-08-19,101.40039293992986
2022-08-22,101.9101281094876
2022-08-23,102.8748767010648
2022-08-24,102.86275975824812
2022-08-25,102.49563880563109
2022-08-26,103.56459038394381
2022-08-29,105.19203677744918
2022-08-30,104.42862396474109
2022-08-31,104.47685159259161
2022-09-01,105.52037556547398
2022-09-02,104.81073848453492
2022-09-05,105.53785311052386
2022-09-06,106.37280725966333
2022-09-07,109.0554087429742
2022-09-08,108.43167612628766
2022-09-09,107.96578047020498
2022-09-12,107.84616056742726
2022-09-13,107.79899619918744
2022-09-14,107.53907992604516
2022-09-15,107.80845838614275
2022-09-16,107.89452441008163
2022-09-19,107.09372528702481
2022-09-20,105.84043762310948
2022-09-21,105.39158104233606
2022-09-22,105.17646734116835
2022-09-23,106.18715334129043
2022-09-26,108.61626824041757
2022-09-27,110.27807850987989
2022-09-28,110.90223686958396
2022-09-29,110.42048215539948
2022-09-30,109.42529954075886
2022-10-03,108.71363810144491
2022-10-04,110.50893229852821
2022-10-05,110.04251339797509
2022-10-06,108.93790633473213
2022-10-07,109.37323851576804
2022-10-10,110.35013196024312
2022-10-11,110.13210262017832
2022-10-12,111.01889896061343
2022-10-13,110.64768733099699
2022-10-14,109.48927416032161
2022-10-17,108.97280069411804
2022-10-18,107.26922094212794
2022-10-19,108.70410191669302
2022-10-20,107.563686280099
2022-10-21,108.07042816533377
2022-10-24,107.86788870065953
2022-10-25,109.11529068457469
2022-10-26,109.429643805052
2022-10-27,109.2210121033365
2022-10-28,109.4138353345809
2022-10-31,109.0884608201167
2022-11-01,110.78327863947275
2022-11-02,111.02383777546603
2022-11-03,110.3470534457604
2022-11-04,112.6311982002921
2022-11-07,114.15194616248424
2022-11-08,114.19673631688516
2022-11-09,112.64345782386445
2022-11-10,112.61789127214516
2022-11-11,112.2396084746075
2022-11-14,110.82835185761802
2022-11-15,108.74782378167696
2022-11-16,107.18388167705928
2022-11-17,107.37932184250147
2022-11-18,108.64408370735686
2022-11-21,109.76634277715635
2022-11-22,109.83551583322964
2022-11-23,110.38899647311509
2022-11-24,109.54682219489176
2022-11-25,109.03705906392638
2022-11-28,110.67533474385259
2022-11-29,110.11706862519952
2022-11-30,109.90443770469143
2022-12-01,110.26978673986585
2022-12-02,110.73207896363162
2022-12-05,109.4461689557799
2022-12-06,110.03066857539004
2022-12-07,109.44985550126904
2022-12-08,111.15572953114928
2022-12-09,111.75271854692662
2022-12-12,113.17877895176383
2022-12-13,113.68329004092644
2022-12-14,113.87353443502481
2022-12-15,111.38833907518597
2022-12-16,111.82825945189381
2022-12-19,113.38479913459312
2022-12-20,113.43294898964551
2022-12-21,114.72548201206516
2022-12-22,114.46758939478411
2022-12-23,113.96822301114481
2022-12-26,115.36932765416563
2022-12-27,114.63589189083127
2022-12-28,113.46547337667488
2022-12-29,113.85894594565991
2022-12-30,110.10942081554127
2023-01-02,110.99668951470736
2023-01-03,110.54609019778279
2023-01-04,114.53838959289601
2023-01-05,113.88580312278648
2023-01-06,112.76262758005133
2023-01-09,113.00673860976825
2023-01-10,114.69367538294844
2023-01-11,113.97004520888945
2023-01-12,115.0750001574484
2023-01-13,115.88585881703659
2023-01-16,113.83591807663625
2023-01-17,112.22776144887551
2023-01-18,111.8815554195475
2023-01-19,111.05505160285941
2023-01-20,109.21915481879434
2023-01-23,108.10065193158304
2023-01-24,107.70594816685859
2023-01-25,107.87554841540124
2023-01-26,107.31760443939238
2023-01-27,107.70534278482033
2023-01-30,108.7184906546445
2023-01-31,107.45669106866829
2023-02-01,107.0368138902662
2023-02-02,106.87391008445981
2023-02-03,107.18181536066949
2023-02-06,107.10746985488852
2023-02-07,106.14445354487685
2023-02-08,104.60407228380988
2023-02-09,105.69133166428766
2023-02-10,104.59994483591801
2023-02-13,104.59020190822159
2023-02-14,104.6080786603653
2023-02-15,104.71307180915699
2023-02-16,103.72971629341721
2023-02-17,102.41071592429667
2023-02-20,101.64279295136869
2023-02-21,102.7810285623602
2023-02-22,102.9164599506867
2023-02-23,102.68896162736327
2023-02-24,102.97427002607678
2023-02-27,103.68419693319304
2023-02-28,103.46144255697887
2023-03-01,103.00427566024524
2023-03-02,102.08628871127219
2023-03-03,100.13161548327258
2023-03-06,98.24697310751353
2023-03-07,97.24944940579786
2023-03-08,96.66214553847136
2023-03-09,95.14500127394967
2023-03-10,96.52653906959537
2023-03-13,95.9738860627009
2023-03-14,96.116664091891
2023-03-15,96.703920922026
2023-03-16,96.11815747598726
2023-03-17,95.75045695314385
2023-03-20,95.95315909614548
2023-03-21,96.23715389291098
2023-03-22,94.80318503846613
2023-03-23,96.0747639797127
2023-03-24,95.93032846084417
2023-03-27,96.27955047595054
2023-03-28,96.47017294335421
2023-03-29,97.14554330864357
2023-03-30,99.46456448338643
2023-03-31,99.53368965744333
2023-04-03,100.67621066707788
2023-04-04,101.94237114104125
2023-04-05,101.18917251309871
2023-04-06,101.5419142853248
2023-04-07,102.21298951119032
2023-04-10,102.50478686107071
2023-04-11,104.19962414899639
2023-04-12,104.7227885419501
2023-04-13,104.91214204801764
2023-04-14,105.96952672859435
2023-04-17,104.71816231364002
2023-04-18,104.19882280909773
2023-04-19,103.90988689343533
2023-04-20,103.4693843164792
2023-04-21,101.7115625048647
2023-04-24,101.7330377572784
2023-04-25,101.37585731176031
2023-04-26,102.58254772766395
2023-04-27,102.16068187725291
2023-04-28,100.13443166213017
2023-05-01,98.98075502873584
2023-05-02,100.87876516155418
2023-05-03,101.50857461934741
2023-05-04,102.55020983834603
2023-05-05,103.84498827895644
2023-05-08,103.36262021437548
2023-05-09,102.72713546939801
2023-05-10,102.91903524676565
2023-05-11,104.09661221948834
2023-05-12,104.72834799973245
2023-05-15,105.6161945911992
2023-05-16,104.66884060998483
2023-05-17,104.42158483570556
2023-05-18,105.48795254821499
2023-05-19,105.34794865644712
2023-05-22,106.34264429805565
2023-05-23,106.3040590321243
2023-05-24,104.30605945071134
2023-05-25,105.71694504239599
2023-05-26,106.58476383573536
2023-05-29,105.5414140538361
2023-05-30,107.85441780743439
2023-05-31,108.3755299301862
2023-06-01,108.54546818025969
2023-06-02,109.34063789852544
2023-06-05,107.54223798575599
2023-06-06,107.95312336301647
2023-06-07,107.93470690294897
2023-06-08,109.20044631170029
2023-06-09,109.10016901595387
2023-06-12,109.07769760375847
2023-06-13,110.95868021260567
2023-06-14,111.42877021646042
2023-06-15,112.5389794252281
2023-06-16,113.4532944940024
2023-06-19,112.0681884479395
2023-06-20,112.44383021168305
2023-06-21,112.37207740679236
2023-06-22,113.23868563102309
2023-06-23,113.57037223603406
2023-06-26,114.26875093685092
2023-06-27,113.00618377721125
2023-06-28,113.42282907297682
2023-06-29,112.59527026779827
2023-06-30,112.27727673626539
2023-07-03,111.67301528561376
2023-07-04,111.47242215760487
2023-07-05,110.44422436913823
2023-07-06,111.11200325244907
2023-07-07,111.12974793321885
2023-07-10,108.63508328556244
2023-07-11,108.28173437303703
2023-07-12,108.57019956395244
2023-07-13,110.43057503798566
2023-07-14,110.32881781252304
2023-07-17,110.34479787568017
2023-07-18,110.11561630116336
2023-07-19,110.2327023525913
2023-07-20,108.40256746594044
2023-07-21,107.00239755608978
2023-07-24,107.27320054479506
2023-07-25,107.37650818894056
2023-07-26,107.12257831879303
2023-07-27,108.46450396544627
2023-07-28,108.5300031545614
2023-07-31,108.72890434278648
2023-08-01,108.94029968112855
2023-08-02,108.9467970960045
2023-08-03,108.44174166673544
2023-08-04,106.59598860608719
2023-08-07,106.63566439666543
2023-08-08,106.63901226821426
2023-08-09,107.50036974556187
2023-08-10,108.65573736813043
2023-08-11,107.49786979467639
2023-08-14,108.69687806576451
2023-08-15,108.16660716517552
2023-08-16,106.93929097741754
2023-08-17,106.09802996578594
2023-08-18,105.42507139813861
2023-08-21,104.85879260606576
2023-08-22,104.90364513513877
2023-08-23,105.43912525552166
2023-08-24,105.93406219239307
2023-08-25,104.42525129300928
2023-08-28,105.16764110973693
2023-08-29,105.47543782357094
2023-08-30,104.27260758986516
2023-08-31,102.31306822252711
2023-09-01,103.82857062675824
2023-09-04,104.03071873210254
2023-09-05,104.44852227335917
2023-09-06,105.20255029844793
2023-09-07,105.6914293515256
2023-09-08,106.17084909885655
2023-09-11,107.29123328313372
2023-09-12,105.04418791882331
2023-09-13,102.9792247134129
2023-09-14,104.09299602026248
2023-09-15,102.23980539973938
2023-09-18,101.65622089306494
2023-09-19,103.29296212421539
2023-09-20,101.91902627191456
2023-09-21,102.79078039329545
2023-09-22,101.65293877953209
2023-09-25,102.8845322537077
2023-09-26,101.85861353443029
2023-09-27,100.99243504015672
2023-09-28,101.224360259361
2023-09-29,99.68881234622714
2023-10-02,99.15294924470778
2023-10-03,99.00894456821105
2023-10-04,98.66359868216628
2023-10-05,99.98671722696602
2023-10-06,99.12200105368146
2023-10-09,99.45649069948352
2023-10-10,99.89357398809365
2023-10-11,100.00895253584656
2023-10-12,98.75436748232092
2023-10-13,98.17750222110267
2023-10-16,98.6334195417916
2023-10-17,96.4125747833034
2023-10-18,94.82561040524703
2023-10-19,94.53687915242072
2023-10-20,95.3121824619817
2023-10-23,95.04554481494505
2023-10-24,95.84005424423326
2023-10-25,94.0330816790627
2023-10-26,92.56382045555029
2023-10-27,92.54403108171113
2023-10-30,92.16983191765958
2023-10-31,91.67140943584046
2023-11-01,91.26152581878837
2023-11-02,89.01833582173747
2023-11-03,90.1291204494977
2023-11-06,91.35052546803959
2023-11-07,91.71501435875406
2023-11-08,92.57247005120776
2023-11-09,93.71485512389151
2023-11-10,94.42418005007015
2023-11-13,94.15202320785635
2023-11-14,92.89035227045306
2023-11-15,91.97392142877231
2023-11-16,92.4962919772732
2023-11-17,91.14976286339758
2023-11-20,92.58603764142049
2023-11-21,92.8373355034659
2023-11-22,92.82876806534975
2023-11-23,93.21447776821294
2023-11-24,93.91895188932622
2023-11-27,95.24972841874335
2023-11-28,93.70206027196357
2023-11-29,91.76637776090058
2023-11-30,91.73232614059106
2023-12-01,91.41576502960491
2023-12-04,91.08453983001087
2023-12-05,91.7877229211759
2023-12-06,93.00240607033004
2023-12-07,93.88393615594354
2023-12-08,93.67751590333442
2023-12-11,94.03749090222622
2023-12-12,93.24750313647586
2023-12-13,97.06373975316124
2023-12-14,96.31561759751077
2023-12-15,96.28887297077604
2023-12-18,96.59207215342397
2023-12-19,95.97727631979251
2023-12-20,94.60935616550945
2023-12-21,94.16755546546352
2023-12-22,94.46785981908474
2023-12-25,92.18142828088601
2023-12-26,92.5067574037572
2023-12-27,92.88352701600373
2023-12-28,93.42142225713226
2023-12-29,92.99530166505468
2024-01-01,90.97155989116187
2024-01-02,91.17918950924405
2024-01-03,91.07532324348885
2024-01-04,91.79997294659383
2024-01-05,90.74333641620525
2024-01-08,90.90720979037603
2024-01-09,90.39915917325972
2024-01-10,90.62773774100822
2024-01-11,90.9800980492708
2024-01-12,90.98275483294856
2024-01-15,92.05664802490648
2024-01-16,92.99537985050705
2024-01-17,92.63353917658605
2024-01-18,93.97244804013876
2024-01-19,94.90302797856963
2024-01-22,96.39509968570671
2024-01-23,97.70415196779688
2024-01-24,100.16361384785218
2024-01-25,99.84044949169163
2024-01-26,100.55357611494102
2024-01-29,101.31960252470398
2024-01-30,101.76582402709278
2024-01-31,101.28423144292495
2024-02-01,100.67529536524431
2024-02-02,100.96402515567935
2024-02-05,101.021625488029
2024-02-06,101.00645267635022
2024-02-07,102.62839627307115
2024-02-08,102.73198497783153
2024-02-09,104.84559633917507
2024-02-12,106.14038082125568
2024-02-13,104.24371864112763
2024-02-14,104.12439742617634
2024-02-15,103.59254150496548
2024-02-16,102.69494666432568
2024-02-19,103.98759112347503
2024-02-20,104.81291754146507
2024-02-21,104.59546892659431
2024-02-22,105.50153819194006
2024-02-23,105.97398919799481
2024-02-26,105.07727379135486
2024-02-27,105.7542212238906
2024-02-28,106.40839895094551
2024-02-29,106.39024864452642
2024-03-01,105.79306340670831
2024-03-04,106.50707699853932
2024-03-05,107.09471075098693
2024-03-06,106.44660119204052
2024-03-07,105.59975551046183
2024-03-08,105.64945724178641
2024-03-11,107.5187157478672
2024-03-12,105.55836580668438
2024-03-13,107.45411405638845
2024-03-14,107.71245186458773
2024-03-15,107.93990932221521
2024-03-18,108.83156493544945
2024-03-19,109.66072201143093
2024-03-20,108.88772985796835
2024-03-21,110.43917304319022
2024-03-22,108.3322505212508
2024-03-25,108.86682379148178
2024-03-26,110.0704153668001
2024-03-27,109.98395780316923
2024-03-28,109.51899172680373
2024-03-29,110.14158704953712
2024-04-01,110.8082657079195
2024-04-02,112.45156881653982
2024-04-03,112.22354760849068
2024-04-04,111.72065728077357
2024-04-05,111.39160314034811
2024-04-08,112.76385561502511
2024-04-09,111.96590863578236
2024-04-10,112.63606732016882
2024-04-11,114.4230807369575
2024-04-12,115.45047789796241
2024-04-15,115.73207457703221
2024-04-16,116.10339610788596
2024-04-17,116.3543371559594
2024-04-18,115.24520209909707
2024-04-19,114.87341492153065
2024-04-22,114.59672968218995
2024-04-23,114.44526728095043
2024-04-24,113.96359027107967
2024-04-25,114.59112817176198
2024-04-26,114.71057012186475
2024-04-29,114.8880350003422
2024-04-30,115.40962523365982
2024-05-01,117.18480515181263
2024-05-02,115.57125991338077
2024-05-03,114.73844635954842
2024-05-06,115.19645876700825
2024-05-07,116.27770696610871
2024-05-08,116.08537147248359
2024-05-09,114.29396207228719
2024-05-10,114.61871279011031
2024-05-13,116.09317465305746
2024-05-14,114.02556104670958
2024-05-15,113.71490128035582
2024-05-16,113.99321856791875
2024-05-17,114.4541032249425
2024-05-20,113.07510891345697
2024-05-21,113.88822176825701
2024-05-22,112.98013351118823
2024-05-23,113.42032015783381
2024-05-24,115.41237892163181
2024-05-27,116.28899220689473
2024-05-28,118.29756998379233
2024-05-29,118.85008365343775
2024-05-30,119.60256346018888
2024-05-31,122.05663747063373
2024-06-03,121.93154074227601
2024-06-04,121.53878432086908
2024-06-05,121.76296344488713
2024-06-06,121.45318786230526
2024-06-07,121.79022002004297
2024-06-10,121.49897171657209
2024-06-11,121.05758277338555
2024-06-12,120.3856241022159
2024-06-13,122.38199224633144
2024-06-14,123.0749835996775
2024-06-17,124.57485046201195
2024-06-18,125.15053042997921
2024-06-19,125.28574797255115
2024-06-20,127.35576213221623
2024-06-21,128.1659690930725
2024-06-24,127.516353090255
2024-06-25,127.41906493170596
2024-06-26,124.84971958268227
2024-06-27,127.2002892127933
2024-06-28,128.0879354269052
2024-07-01,128.80329586867393
2024-07-02,128.10983490411772
2024-07-03,129.74885025420858
2024-07-04,130.41770343034275
2024-07-05,132.76634857601883
2024-07-08,132.96456178960966
2024-07-09,134.70808854369784
2024-07-10,137.05845471729535
2024-07-11,137.5928835421997
2024-07-12,135.82475994264252
2024-07-15,133.78994546941442
2024-07-16,134.51575533679596
2024-07-17,134.46353636918028
2024-07-18,136.28012278305852
2024-07-19,135.04381571469182
2024-07-22,136.00359960523917
2024-07-23,134.46825888275606
2024-07-24,133.21000364548635
2024-07-25,134.63412675717507
2024-07-26,134.4130412473574
2024-07-29,133.4553990632789
2024-07-30,132.5188113660987
2024-07-31,131.43613796315782
2024-08-01,128.50573783875814
2024-08-02,131.78016075086688
2024-08-05,133.06820074559448
2024-08-06,133.04155965884812
2024-08-07,134.08481959469293
2024-08-08,135.3544501769902
2024-08-09,133.85091429336813
2024-08-12,132.95100179995268
2024-08-13,134.8389345836415
2024-08-14,131.944836095673
2024-08-15,131.16688834994818
2024-08-16,130.8133430348401
2024-08-19,132.01643158880137
2024-08-20,133.7697588489165
2024-08-21,133.36043257011175
2024-08-22,131.98216682176667
2024-08-23,132.1805328312414
2024-08-26,130.21963664535602
2024-08-27,129.66888381327914
2024-08-28,127.19254143281714
2024-08-29,125.57080522207433
2024-08-30,127.13289890529596
2024-09-02,126.49303069369813
2024-09-03,126.56803492140709
2024-09-04,127.63349531695812
2024-09-05,126.06279517681725
2024-09-06,125.85102110657067
2024-09-09,125.80678073399542
2024-09-10,124.6630788694761
2024-09-11,125.53168527409855
2024-09-12,125.36161942032957
2024-09-13,125.4301045436337
2024-09-16,126.88456057535642
2024-09-17,125.61795514425647
2024-09-18,125.50849929102054
2024-09-19,125.95602155772603
2024-09-20,124.77556818987941
2024-09-23,123.64964754884255
2024-09-24,123.07347710135583
2024-09-25,124.1276621648983
2024-09-26,124.78218215168502
2024-09-27,124.78091200645589
2024-09-30,123.92475813510484
2024-10-01,124.19904980761866
2024-10-02,123.24474947414001
2024-10-03,124.67075469901596
2024-10-04,123.52221192847044
2024-10-07,125.5259543864252
2024-10-08,125.2392470760898
2024-10-09,124.52522797984882
2024-10-10,126.18039605294923
2024-10-11,124.89023095985874
2024-10-14,124.61251738726165
2024-10-15,126.4546969064535
2024-10-16,126.10944178251498
2024-10-17,124.17493283557799
2024-10-18,124.23795186210901
2024-10-21,125.03086501824257
2024-10-22,124.76406622717025
2024-10-23,125.22184802511826
2024-10-24,126.22344590511052
2024-10-25,128.8828413268983
2024-10-28,129.90841567981025
2024-10-29,130.2867097568445
2024-10-30,130.2852697756447
2024-10-31,127.85637607794071
2024-11-01,126.77488032247872
2024-11-04,126.33637312677854
2024-11-05,125.47559631332679
2024-11-06,126.41602851879684
2024-11-07,126.91241336438786
2024-11-08,126.95310223482976
2024-11-11,125.63298442978792
2024-11-12,125.90108665917126
2024-11-13,128.1409230417007
2024-11-14,127.01938142446834
2024-11-15,126.55695364844068
2024-11-18,129.16821938354838
2024-11-19,131.56763176650716
2024-11-20,131.58233487397888
2024-11-21,129.50083098440862
2024-11-22,128.0078847238505
2024-11-25,126.30579985487319
2024-11-26,127.60238387612671
2024-11-27,130.13705916325128
2024-11-28,130.39516265469683
2024-11-29,129.23233380789998
2024-12-02,131.37382001327614
2024-12-03,131.94784665686706
2024-12-04,131.39189117546428
2024-12-05,132.66906662732794
2024-12-06,132.8869824181252
2024-12-09,133.5597206863468
2024-12-10,131.99051548656098
2024-12-11,131.95262345351858
2024-12-12,129.9142183778296
2024-12-13,131.10276379467075
2024-12-16,130.53148925128667
2024-12-17,129.74163144180864
2024-12-18,129.94581009799845
2024-12-19,130.58588557871315
2024-12-20,129.80065017670972
2024-12-23,129.04888999467775
2024-12-24,128.24883252915043
2024-12-25,130.07744525820567
2024-12-26,130.47793724101757
2024-12-27,129.05376342245765
2024-12-30,128.27420352955278
2024-12-31,129.21907783076892
2025-01-01,129.08854257509608
2025-01-02,126.54786501791693
2025-01-03,126.36503175763958
2025-01-06,127.23787106994233
2025-01-07,125.66826362168312
2025-01-08,125.80517169070471
2025-01-09,127.68065321826589
2025-01-10,127.26809166823065
2025-01-13,127.87661268484139
2025-01-14,128.55433574797803
2025-01-15,127.2382710828015
2025-01-16,128.79869375458856
2025-01-17,129.68137765246172
2025-01-20,129.1635687753689
2025-01-21,129.1657177770257
2025-01-22,129.39294235035115
2025-01-23,129.81501342119822
2025-01-24,129.74707388298404
2025-01-27,128.2250622493462
2025-01-28,126.07201501137632
2025-01-29,126.72730039553754
2025-01-30,126.04263293814076
2025-01-31,126.34035337411001
2025-02-03,127.4703850548916
2025-02-04,125.95803230412818
2025-02-05,126.64924227424872
2025-02-06,129.7661884793205
2025-02-07,130.11104665420493
2025-02-10,130.02188296433687
2025-02-11,129.5859893291334
2025-02-12,128.22164385567459
2025-02-13,128.12360137177552
2025-02-14,128.69891129299197
2025-02-17,131.31845661613218
2025-02-18,131.96403287523515
2025-02-19,130.1539810003512
2025-02-20,130.42961408912174
2025-02-21,129.1176047010947
2025-02-24,128.25638892426582
2025-02-25,127.69229914394525
2025-02-26,126.0675577357198
2025-02-27,127.22743140740648
2025-02-28,125.87402294129917
2025-03-03,126.71129497892227
2025-03-04,126.87026008385185
2025-03-05,126.984307105685
2025-03-06,126.53585389482132
2025-03-07,125.13379382519254
2025-03-10,126.2328529528
2025-03-11,127.0035533269227
2025-03-12,127.95805695541011
2025-03-13,128.73979191365555
2025-03-14,129.2794153974347
2025-03-17,129.0802337593505
2025-03-18,128.3503408001478
2025-03-19,128.50400868243707
2025-03-20,129.05849677956775
2025-03-21,127.05888183078147
2025-03-24,129.5174471604986
2025-03-25,130.21128162108334
2025-03-26,131.73636145016332
2025-03-27,131.784083624591
2025-03-28,131.62827694979663
2025-03-31,132.01286315700105
2025-04-01,131.1426721621602
2025-04-02,131.46936946883147
2025-04-03,131.81795714381056
2025-04-04,131.98495971995638
2025-04-07,131.57291554197909
2025-04-08,131.35657021630797
2025-04-09,130.41385894744542
2025-04-10,130.10301148219824
2025-04-11,131.1100142362634
2025-04-14,133.00834479121897
2025-04-15,133.94743878160904
2025-04-16,132.126569610779
2025-04-17,130.01657764150548
2025-04-18,130.0291613424732
2025-04-21,132.28164170051915
2025-04-22,133.50028504366395
2025-04-23,131.87506401945527
2025-04-24,132.66298518858278
2025-04-25,131.90386946150574
2025-04-28,133.11989605979147
2025-04-29,132.08592559256095
2025-04-30,129.94750792572088
2025-05-01,126.86075288503862
2025-05-02,125.61021389342623
2025-05-05,126.19598060886761
2025-05-06,128.0245474907683
2025-05-07,128.7980291589627
2025-05-08,128.03614248253362
2025-05-09,124.94671974391002
2025-05-12,127.00423623352077
2025-05-13,127.1356774629042
2025-05-14,125.40103964389573
2025-05-15,125.62041098527372
2025-05-16,123.54047879206522
2025-05-19,123.61637350737038
2025-05-20,122.5916910763036
2025-05-21,125.40772835180869
2025-05-22,125.97775771628064
2025-05-23,123.34969059637133
2025-05-26,124.95393156077144
2025-05-27,124.1369859008007
2025-05-28,124.60463819910872
2025-05-29,123.24291437285035
2025-05-30,124.84173606867392
2025-06-02,124.37072295539977
2025-06-03,122.75186805932906
2025-06-04,121.89914375999548
2025-06-05,122.65998536304446
2025-06-06,124.67178114084325
2025-06-09,123.88846302125319
2025-06-10,123.72486857044534
2025-06-11,123.15788189334317
2025-06-12,122.47650761464482
2025-06-13,123.12026100171516
2025-06-16,122.77105792811362
2025-06-17,122.88086147409945
2025-06-18,122.33741233814632
2025-06-19,120.00466983118892
2025-06-20,118.75711815119325
2025-06-23,120.22859893124591
2025-06-24,121.32568756627717
2025-06-25,122.99183272300726
2025-06-26,123.31371993774083
2025-06-27,126.28727061737987
2025-06-30,127.62881619050108
2025-07-01,128.14828723206753
2025-07-02,130.60089759183933
2025-07-03,131.06854269237394
2025-07-04,129.53394780038
2025-07-07,130.29719762636282
2025-07-08,130.3791752998924
2025-07-09,130.76488453057212
2025-07-10,131.1648477949583
2025-07-11,132.1197737512969
2025-07-14,133.0495851505912
2025-07-15,134.525311209799
2025-07-16,134.68323460231775
2025-07-17,134.70871187940057
2025-07-18,134.6664254436574
2025-07-21,135.99535842337184
2025-07-22,138.26790910894022
2025-07-23,136.20855496616252
2025-07-24,137.4791392175089
2025-07-25,137.44239725061092
2025-07-28,137.00258199855847
2025-07-29,138.45394505099267
2025-07-30,138.42815228083964
2025-07-31,137.68904349371817
2025-08-01,137.1897684689022
2025-08-04,137.23810300920925
2025-08-05,136.04164610430286
2025-08-06,132.9981124980901
2025-08-07,130.86361061985627
2025-08-08,130.009643134478
2025-08-11,128.1858522174289
2025-08-12,127.4050705478668
2025-08-13,127.20585869618273
2025-08-14,127.05337563069243
2025-08-15,126.01827080561894
2025-08-18,125.68651673443878
2025-08-19,125.68228188273571
2025-08-20,126.38837148132869
2025-08-21,126.55687909723896
2025-08-22,125.16672750563444
2025-08-25,127.09841780466793
2025-08-26,124.93978873486722
2025-08-27,125.00115815054085
2025-08-28,126.52682561022546
2025-08-29,126.59812287708216
2025-09-01,127.96220864774612
2025-09-02,128.1771107191396
2025-09-03,127.76673403022525
2025-09-04,129.95179480416968
2025-09-05,127.58575873016869
2025-09-08,127.75891944946116
2025-09-09,127.1602107293935
2025-09-10,128.40656709899397
2025-09-11,127.73698138949581
2025-09-12,127.80293418161277
2025-09-15,129.43689897360372
2025-09-16,128.0974817484998
2025-09-17,128.1617190679714
2025-09-18,129.82129127910383
2025-09-19,129.05195090603476
2025-09-22,127.8315624592762
2025-09-23,129.02972792834856
2025-09-24,127.83348658783463
2025-09-25,127.69400311891405
2025-09-26,125.9518328044354
2025-09-29,126.69307480295251
2025-09-30,126.97740942965659
2025-10-01,126.35173763639568
2025-10-02,126.93604931578435
2025-10-03,126.58832406471238
2025-10-06,126.55345086068492
2025-10-07,125.01986365132115
2025-10-08,126.10108646618714
2025-10-09,127.080442005794
2025-10-10,127.02562986747591
2025-10-13,126.14529194250206
2025-10-14,125.69363360339725
2025-10-15,126.31782682305017
2025-10-16,126.76374117798703
2025-10-17,127.48652843231316
2025-10-20,127.51339907444724
2025-10-21,127.2344960313232
2025-10-22,124.6691344104218
2025-10-23,125.65157574307501
2025-10-24,125.44435019993219
2025-10-27,124.27221542958813
2025-10-28,124.98128256548267
2025-10-29,121.46150776752296
2025-10-30,123.27095893583308
2025-10-31,123.50192158184173
2025-11-03,124.12387348934264
2025-11-04,125.45282998617475
2025-11-05,126.2200693857231
2025-11-06,124.8021591224703
2025-11-07,124.69522445494327
2025-11-10,123.57997645184705
2025-11-11,122.63602926469494
2025-11-12,121.85490127166435
2025-11-13,121.34400000896935
2025-11-14,122.70030128368268
2025-11-17,121.91871640848228
2025-11-18,121.36766542830553
2025-11-19,122.93296218126713
2025-11-20,119.98812069381468
2025-11-21,121.25043422835743
2025-11-24,120.7110064161238
2025-11-25,121.72189468191061
2025-11-26,120.33513037944428
2025-11-27,118.46378997298343
2025-11-28,118.25383808981609
2025-12-01,117.4381874556983
2025-12-02,116.95752502775885
2025-12-03,117.9186561626389
2025-12-04,119.71243058979883
2025-12-05,117.50220682449135
2025-12-08,116.99981091823668
2025-12-09,116.27304594269863
2025-12-10,114.58588908493661
2025-12-11,112.81168259243618
2025-12-12,113.37784567689519
2025-12-15,112.31349398664699
2025-12-16,111.03545574345728
2025-12-17,110.02471459264798
2025-12-18,110.02951336416791
2025-12-19,110.96603751466883
2025-12-22,111.34577083164945
2025-12-23,111.96779974132586
2025-12-24,111.12791966341726
2025-12-25,112.93478828857741
2025-12-26,112.47313789867393
2025-12-29,111.11237063585509
2025-12-30,110.49715738615744
2025-12-31,111.36653486974954
2026-01-01,109.21585211008593
2026-01-02,110.01523371786143
2026-01-05,109.48682067240816
2026-01-06,110.87783718544645
2026-01-07,110.85982784248458
2026-01-08,111.53977615862487
2026-01-09,110.73541783937748
2026-01-12,111.23167489119761
2026-01-13,110.75609477948443
2026-01-14,110.67857146735014
2026-01-15,111.3072118676137
2026-01-16,110.2045098168333
2026-01-19,110.46234252135262
2026-01-20,111.09570461511831
2026-01-21,110.33450417089487
2026-01-22,111.57510938704552
2026-01-23,110.77631675002897
2026-01-26,110.05660163765798
2026-01-27,111.16999332973552
2026-01-28,112.32916790493357
2026-01-29,111.97596512009463
2026-01-30,112.15598603750652
2026-02-02,113.50786191214588
2026-02-03,116.62629896926278
2026-02-04,116.23821073820488
2026-02-05,115.26245256816956
2026-02-06,114.58742048650402
2026-02-09,113.07437165975342
2026-02-10,112.15365555469478
2026-02-11,110.58119747514877
2026-02-12,110.51108244685804
2026-02-13,110.92730040865327
2026-02-16,110.61613681467921
2026-02-17,111.4084956993626
2026-02-18,113.59480826285669
2026-02-19,112.44489977878716
2026-02-20,112.43856285158735
2026-02-23,110.98517118415208
2026-02-24,110.51211075013332
2026-02-25,111.33433257390115
2026-02-26,109.73584221799426
2026-02-27,109.98669607625308
2026-03-02,112.07214175690451
2026-03-03,112.29727196303729
2026-03-04,110.95384108477472
2026-03-05,112.22812119013503
2026-03-06,112.282875007558
2026-03-09,112.24381812221047
2026-03-10,112.78596051119185
2026-03-11,112.7986326800569
2026-03-12,112.54356932141103
2026-03-13,111.9220281781832
2026-03-16,110.62197385328143
2026-03-17,112.04594458417365
2026-03-18,113.0542843156432
2026-03-19,112.87190678559438
2026-03-20,111.67165818964433
2026-03-23,110.8070458469707
2026-03-24,111.46330146975514
2026-03-25,112.39661783579132
2026-03-26,112.65450960367414
2026-03-27,112.323545686688
2026-03-30,111.2025161154128
2026-03-31,109.14790627832338
2026-04-01,108.77306221674759
2026-04-02,110.95398722161556
2026-04-03,109.93438544953611
2026-04-06,109.11862687768179
2026-04-07,110.02166886555334
2026-04-08,112.81672945037084
2026-04-09,110.55603713083333
2026-04-10,111.82005431859135
2026-04-13,110.12259512893799
2026-04-14,110.28578448986572
2026-04-15,108.41712372190528
2026-04-16,109.79047510102124
2026-04-17,108.63890008498687
2026-04-20,109.60386697909297
